match_id,division,matchday,side,team,goals,shots,distance_km,passes_attempted,passes_completed,passes_failed,pass_completion_rate_pct,possession_pct,tackeling_rate_pct,fouls,fouled,offside,corners
4588640,1,1,home,Bayern München,2,17,114.47,661,582,79,88.0,70.0,57.0,6,18,2,12
4588640,1,1,away,Hertha BSC,2,6,119.19,282,201,81,71.0,30.0,43.0,18,6,0,0
4588642,1,1,home,Borussia Dortmund,5,22,110.57,886,818,68,92.0,78.0,48.0,8,6,0,10
4588642,1,1,away,FC Augsburg,1,5,113.09,246,177,69,72.0,22.0,52.0,7,8,0,0
4588643,1,1,home,Bayer 04 Leverkusen,3,13,122.81,763,660,103,87.0,74.0,50.0,8,9,3,6
4588643,1,1,away,SC Paderborn 07,2,9,123.08,267,172,95,64.0,26.0,50.0,13,8,0,6
4588646,1,1,home,VfL Wolfsburg,2,15,116.85,377,281,96,75.0,47.0,50.0,15,18,3,2
4588646,1,1,away,1. FC Köln,1,11,111.96,411,312,99,76.0,53.0,50.0,18,15,1,6
4588649,1,1,home,Werder Bremen,1,24,115.24,639,558,81,87.0,67.0,51.0,9,13,2,14
4588649,1,1,away,Fortuna Düsseldorf,3,12,117.77,308,236,72,77.0,33.0,49.0,13,8,1,5
4588650,1,1,home,SC Freiburg,3,19,112.51,400,312,88,78.0,53.0,61.0,6,14,0,5
4588650,1,1,away,1. FSV Mainz 05,0,19,107.96,372,285,87,77.0,47.0,39.0,14,6,2,5
4588644,1,1,home,Bor. Mönchengladbach,0,16,112.24,519,418,101,81.0,60.0,48.0,10,10,1,8
4588644,1,1,away,FC Schalke 04,0,8,115.64,351,249,102,71.0,40.0,52.0,11,8,2,3
4588647,1,1,home,Eintracht Frankfurt,1,15,107.43,250,158,92,63.0,32.0,48.0,19,9,2,10
4588647,1,1,away,TSG Hoffenheim,0,9,109.15,567,468,99,83.0,68.0,52.0,9,16,4,5
4588651,1,1,home,1. FC Union Berlin,0,13,112.92,325,231,94,71.0,36.0,47.0,14,5,3,3
4588651,1,1,away,RB Leipzig,4,14,113.84,605,516,89,85.0,64.0,53.0,7,14,1,6
4588665,1,2,home,1. FC Köln,1,13,115.12,232,152,80,66.0,26.0,47.0,12,10,2,7
4588665,1,2,away,Borussia Dortmund,3,14,114.44,675,590,85,87.0,74.0,53.0,11,11,1,8
4588658,1,2,home,TSG Hoffenheim,3,10,115.96,510,430,80,84.0,54.0,50.0,14,15,5,3
4588658,1,2,away,Werder Bremen,2,18,113.72,425,325,100,76.0,46.0,50.0,17,13,1,6
4588660,1,2,home,Fortuna Düsseldorf,1,12,111.57,296,217,79,73.0,32.0,44.0,15,10,1,1
4588660,1,2,away,Bayer 04 Leverkusen,3,12,119.37,644,567,77,88.0,68.0,56.0,11,14,1,5
4588662,1,2,home,1. FSV Mainz 05,1,20,113.23,378,299,79,79.0,48.0,54.0,13,14,1,3
4588662,1,2,away,Bor. Mönchengladbach,3,15,115.36,422,334,88,79.0,52.0,46.0,15,12,0,5
4588664,1,2,home,FC Augsburg,1,12,108.97,382,265,117,69.0,54.0,49.0,17,19,3,3
4588664,1,2,away,1. FC Union Berlin,1,11,109.89,322,216,106,67.0,46.0,51.0,19,16,2,4
4588666,1,2,home,SC Paderborn 07,1,16,109.23,398,320,78,80.0,54.0,45.0,21,6,3,9
4588666,1,2,away,SC Freiburg,3,9,111.8,335,243,92,73.0,46.0,55.0,6,20,1,5
4588663,1,2,home,FC Schalke 04,0,11,114.67,353,278,75,79.0,34.0,52.0,11,9,2,3
4588663,1,2,away,Bayern München,3,10,113.03,704,621,83,88.0,66.0,48.0,10,11,1,4
4588657,1,2,home,RB Leipzig,2,12,117.31,408,314,94,77.0,44.0,58.0,10,13,1,4
4588657,1,2,away,Eintracht Frankfurt,1,10,113.62,524,431,93,82.0,56.0,42.0,15,10,3,1
4588661,1,2,home,Hertha BSC,0,9,110.27,496,393,103,79.0,57.0,47.0,15,10,1,2
4588661,1,2,away,VfL Wolfsburg,3,10,116.44,383,280,103,73.0,43.0,53.0,12,15,5,5
4588678,1,3,home,Bor. Mönchengladbach,1,12,116.33,469,389,80,83.0,49.0,51.0,18,19,4,9
4588678,1,3,away,RB Leipzig,3,14,119.63,502,410,92,82.0,51.0,49.0,19,17,3,5
4588676,1,3,home,Bayern München,6,18,109.57,659,580,79,88.0,67.0,48.0,16,12,1,10
4588676,1,3,away,1. FSV Mainz 05,1,7,110.9,325,248,77,76.0,33.0,52.0,13,16,0,1
4588677,1,3,home,Bayer 04 Leverkusen,0,20,118.68,632,547,85,87.0,75.0,50.0,9,11,4,19
4588677,1,3,away,TSG Hoffenheim,0,6,115.59,219,137,82,63.0,25.0,50.0,12,8,4,0
4588679,1,3,home,VfL Wolfsburg,1,16,118.69,531,429,102,81.0,63.0,54.0,8,14,2,8
4588679,1,3,away,SC Paderborn 07,1,8,118.81,320,224,96,70.0,37.0,46.0,15,8,2,3
4588682,1,3,home,SC Freiburg,1,15,112.73,391,298,93,76.0,53.0,48.0,6,15,1,5
4588682,1,3,away,1. FC Köln,2,10,110.75,353,263,90,75.0,47.0,52.0,15,6,0,6
4588683,1,3,home,FC Schalke 04,3,9,116.34,528,451,77,85.0,58.0,45.0,15,10,1,5
4588683,1,3,away,Hertha BSC,0,10,112.72,388,326,62,84.0,42.0,55.0,10,13,4,3
4588684,1,3,home,1. FC Union Berlin,3,15,126.39,255,162,93,64.0,26.0,32.0,13,2,2,7
4588684,1,3,away,Borussia Dortmund,1,13,119.15,762,666,96,87.0,74.0,68.0,2,13,2,4
4588681,1,3,home,Werder Bremen,3,15,115.8,570,476,94,84.0,67.0,56.0,10,12,0,4
4588681,1,3,away,FC Augsburg,2,12,111.07,283,190,93,67.0,33.0,44.0,14,9,1,2
4588680,1,3,home,Eintracht Frankfurt,2,14,113.63,472,371,101,79.0,59.0,52.0,14,15,1,4
4588680,1,3,away,Fortuna Düsseldorf,1,14,112.59,326,215,111,66.0,41.0,48.0,16,14,3,1
4588688,1,4,home,Fortuna Düsseldorf,1,12,115.72,345,247,98,72.0,42.0,56.0,7,14,1,3
4588688,1,4,away,VfL Wolfsburg,1,15,118.2,487,399,88,82.0,58.0,44.0,15,7,1,8
4588685,1,4,home,Borussia Dortmund,4,9,112.87,347,263,84,76.0,34.0,47.0,9,11,3,3
4588685,1,4,away,Bayer 04 Leverkusen,0,12,115.13,695,607,88,87.0,66.0,53.0,13,9,5,3
4588689,1,4,home,1. FSV Mainz 05,2,12,107.84,409,337,72,82.0,52.0,51.0,16,11,0,6
4588689,1,4,away,Hertha BSC,1,16,106.69,373,314,59,84.0,48.0,49.0,11,16,0,3
4588690,1,4,home,FC Augsburg,2,8,116.98,242,148,94,61.0,31.0,41.0,8,8,2,2
4588690,1,4,away,Eintracht Frankfurt,1,22,110.13,522,419,103,80.0,69.0,59.0,9,8,4,11
4588691,1,4,home,1. FC Köln,0,14,112.66,409,301,108,74.0,51.0,43.0,23,17,1,4
4588691,1,4,away,Bor. Mönchengladbach,1,15,113.4,378,288,90,76.0,49.0,57.0,21,22,4,7
4588693,1,4,home,1. FC Union Berlin,1,13,115.14,339,240,99,71.0,47.0,51.0,24,10,0,7
4588693,1,4,away,Werder Bremen,2,16,115.91,408,313,95,77.0,53.0,49.0,12,23,2,4
4588686,1,4,home,RB Leipzig,1,12,121.72,362,275,87,76.0,32.0,43.0,12,4,1,3
4588686,1,4,away,Bayern München,1,14,118.39,760,667,93,88.0,68.0,57.0,4,11,2,6
4588687,1,4,home,TSG Hoffenheim,0,24,110.65,572,489,83,85.0,68.0,53.0,11,6,0,12
4588687,1,4,away,SC Freiburg,3,18,111.72,269,184,85,68.0,32.0,47.0,6,11,2,4
4588692,1,4,home,SC Paderborn 07,1,11,112.71,368,276,92,75.0,46.0,48.0,17,12,0,3
4588692,1,4,away,FC Schalke 04,5,17,113.1,431,345,86,80.0,54.0,52.0,12,17,3,5
4588702,1,5,home,FC Schalke 04,2,18,121.34,461,346,115,75.0,52.0,60.0,7,14,2,5
4588702,1,5,away,1. FSV Mainz 05,1,14,119.96,428,319,109,75.0,48.0,40.0,15,7,0,5
4588694,1,5,home,Bayern München,4,25,108.31,558,481,77,86.0,60.0,54.0,15,20,2,12
4588694,1,5,away,1. FC Köln,0,14,104.64,358,282,76,79.0,40.0,46.0,20,15,1,4
4588695,1,5,home,Bayer 04 Leverkusen,2,20,120.09,757,678,79,90.0,67.0,45.0,10,10,2,8
4588695,1,5,away,1. FC Union Berlin,0,4,115.62,365,272,93,75.0,33.0,55.0,11,10,1,1
4588700,1,5,home,Hertha BSC,2,6,115.99,325,226,99,70.0,38.0,58.0,13,14,3,1
4588700,1,5,away,SC Paderborn 07,1,18,118.98,510,410,100,80.0,62.0,42.0,14,13,2,8
4588701,1,5,home,SC Freiburg,1,17,114.96,463,357,106,77.0,62.0,47.0,13,13,1,7
4588701,1,5,away,FC Augsburg,1,13,115.78,292,198,94,68.0,38.0,53.0,13,13,2,4
4588699,1,5,home,Werder Bremen,0,8,114.35,479,407,72,85.0,47.0,50.0,12,13,3,4
4588699,1,5,away,RB Leipzig,3,14,112.98,539,463,76,86.0,53.0,50.0,15,12,1,7
4588696,1,5,home,Bor. Mönchengladbach,2,23,113.42,476,404,72,85.0,58.0,54.0,15,11,5,10
4588696,1,5,away,Fortuna Düsseldorf,1,18,111.18,339,250,89,74.0,42.0,46.0,11,13,1,4
4588698,1,5,home,Eintracht Frankfurt,2,18,115.37,356,259,97,73.0,37.0,47.0,18,11,0,5
4588698,1,5,away,Borussia Dortmund,2,16,110.48,607,512,95,84.0,63.0,53.0,11,18,2,8
4588697,1,5,home,VfL Wolfsburg,1,12,121.52,514,415,99,81.0,52.0,47.0,13,18,6,4
4588697,1,5,away,TSG Hoffenheim,1,9,121.77,472,367,105,78.0,48.0,53.0,18,11,2,6
4588711,1,6,home,1. FC Union Berlin,1,11,118.23,455,331,124,73.0,53.0,49.0,11,12,2,4
4588711,1,6,away,Eintracht Frankfurt,2,17,117.65,393,271,122,69.0,47.0,51.0,12,11,0,5
4588704,1,6,home,RB Leipzig,1,16,122.45,619,503,116,81.0,65.0,56.0,13,11,2,8
4588704,1,6,away,FC Schalke 04,3,13,124.45,340,224,116,66.0,35.0,44.0,14,13,5,4
4588705,1,6,home,TSG Hoffenheim,0,17,113.96,470,388,82,83.0,52.0,47.0,11,11,1,2
4588705,1,6,away,Bor. Mönchengladbach,3,12,114.55,436,347,89,80.0,48.0,53.0,13,10,1,5
4588707,1,6,home,1. FSV Mainz 05,0,15,113.11,426,332,94,78.0,53.0,51.0,11,15,0,10
4588707,1,6,away,VfL Wolfsburg,1,4,116.63,405,296,109,73.0,47.0,49.0,16,8,0,1
4588708,1,6,home,FC Augsburg,0,7,114.71,274,174,100,64.0,25.0,45.0,16,9,1,1
4588708,1,6,away,Bayer 04 Leverkusen,3,11,114.78,830,737,93,89.0,75.0,55.0,9,15,2,3
4588710,1,6,home,SC Paderborn 07,2,10,125.48,350,272,78,78.0,36.0,40.0,8,6,2,11
4588710,1,6,away,Bayern München,3,18,118.8,649,554,95,85.0,64.0,60.0,6,8,0,5
4588703,1,6,home,Borussia Dortmund,2,18,121.22,750,677,73,90.0,66.0,50.0,8,10,0,9
4588703,1,6,away,Werder Bremen,2,11,124.16,399,322,77,81.0,34.0,50.0,10,8,3,2
4588706,1,6,home,Fortuna Düsseldorf,1,18,109.22,481,405,76,84.0,55.0,58.0,9,11,4,5
4588706,1,6,away,SC Freiburg,2,9,114.15,408,328,80,80.0,45.0,42.0,11,9,0,1
4588709,1,6,home,1. FC Köln,0,9,103.98,438,375,63,86.0,54.0,53.0,10,13,3,8
4588709,1,6,away,Hertha BSC,4,10,112.68,379,306,73,81.0,46.0,47.0,13,10,0,4
4588717,1,7,home,Hertha BSC,3,17,118.44,448,377,71,84.0,53.0,60.0,17,18,0,9
4588717,1,7,away,Fortuna Düsseldorf,1,10,113.13,396,321,75,81.0,47.0,40.0,18,16,0,2
4588712,1,7,home,Bayern München,1,20,122.14,691,605,86,88.0,64.0,52.0,9,12,2,9
4588712,1,7,away,TSG Hoffenheim,2,8,126.97,394,295,99,75.0,36.0,48.0,12,9,1,3
4588713,1,7,home,Bayer 04 Leverkusen,1,11,122.46,718,607,111,85.0,65.0,45.0,12,12,5,4
4588713,1,7,away,RB Leipzig,1,11,119.71,386,272,114,70.0,35.0,55.0,13,11,7,0
4588718,1,7,home,SC Freiburg,2,6,123.24,394,294,100,75.0,34.0,48.0,10,8,1,3
4588718,1,7,away,Borussia Dortmund,2,8,118.15,767,659,108,86.0,66.0,52.0,8,10,2,11
4588720,1,7,home,SC Paderborn 07,1,16,122.92,573,485,88,85.0,65.0,55.0,9,18,2,7
4588720,1,7,away,1. FSV Mainz 05,2,16,120.03,301,220,81,73.0,35.0,45.0,19,8,2,10
4588719,1,7,home,FC Schalke 04,1,15,114.03,422,320,102,76.0,55.0,48.0,17,16,2,6
4588719,1,7,away,1. FC Köln,1,9,115.9,351,250,101,71.0,45.0,52.0,17,16,3,4
4588714,1,7,home,Bor. Mönchengladbach,5,12,113.44,572,498,74,87.0,63.0,55.0,9,9,4,2
4588714,1,7,away,FC Augsburg,1,14,110.4,332,254,78,77.0,37.0,45.0,9,9,1,7
4588715,1,7,home,VfL Wolfsburg,1,13,116.11,413,295,118,71.0,52.0,38.0,18,15,3,5
4588715,1,7,away,1. FC Union Berlin,0,14,116.49,390,257,133,66.0,48.0,62.0,15,17,1,4
4588716,1,7,home,Eintracht Frankfurt,2,25,113.01,472,373,99,79.0,62.0,46.0,12,8,3,10
4588716,1,7,away,Werder Bremen,2,11,112.9,311,218,93,70.0,38.0,54.0,8,12,2,1
4588723,1,8,home,Eintracht Frankfurt,3,10,112.63,316,193,123,61.0,35.0,50.0,11,10,4,4
4588723,1,8,away,Bayer 04 Leverkusen,0,19,113.42,591,494,97,84.0,65.0,50.0,12,10,1,1
4588722,1,8,home,RB Leipzig,1,15,114.26,514,386,128,75.0,57.0,52.0,13,9,3,3
4588722,1,8,away,VfL Wolfsburg,1,13,113.7,392,278,114,71.0,43.0,48.0,11,10,2,3
4588724,1,8,home,Werder Bremen,1,16,119.07,546,456,90,84.0,53.0,34.0,9,11,0,7
4588724,1,8,away,Hertha BSC,1,12,115.98,483,399,84,83.0,47.0,66.0,12,8,1,5
4588726,1,8,home,Fortuna Düsseldorf,1,20,109.03,458,378,80,83.0,56.0,57.0,11,17,0,8
4588726,1,8,away,1. FSV Mainz 05,0,7,107.56,386,304,82,79.0,44.0,43.0,18,11,3,1
4588727,1,8,home,FC Augsburg,2,9,119.21,204,128,76,63.0,22.0,35.0,11,6,3,3
4588727,1,8,away,Bayern München,2,24,111.47,766,693,73,90.0,78.0,65.0,7,10,0,7
4588729,1,8,home,1. FC Union Berlin,2,16,124.39,346,255,91,74.0,39.0,45.0,21,13,1,3
4588729,1,8,away,SC Freiburg,0,12,119.57,551,437,114,79.0,61.0,55.0,13,21,1,4
4588721,1,8,home,Borussia Dortmund,1,16,115.93,484,387,97,80.0,54.0,56.0,13,15,4,10
4588721,1,8,away,Bor. Mönchengladbach,0,14,116.56,403,307,96,76.0,46.0,44.0,16,13,1,8
4588728,1,8,home,1. FC Köln,3,17,119.57,391,297,94,76.0,42.0,60.0,7,7,1,6
4588728,1,8,away,SC Paderborn 07,0,9,119.54,537,462,75,86.0,58.0,40.0,8,6,1,9
4588725,1,8,home,TSG Hoffenheim,2,9,115.76,349,257,92,74.0,42.0,50.0,12,14,1,3
4588725,1,8,away,FC Schalke 04,0,11,114.87,474,388,86,82.0,58.0,50.0,16,12,3,8
4588735,1,9,home,1. FSV Mainz 05,3,18,113.14,370,286,84,77.0,48.0,44.0,20,9,1,5
4588735,1,9,away,1. FC Köln,1,17,113.0,405,309,96,76.0,52.0,56.0,9,20,1,10
4588730,1,9,home,Bayern München,2,20,114.56,671,590,81,88.0,66.0,54.0,10,15,2,8
4588730,1,9,away,1. FC Union Berlin,1,6,119.05,343,261,82,76.0,34.0,46.0,16,9,4,2
4588734,1,9,home,Hertha BSC,2,13,112.6,375,296,79,79.0,43.0,50.0,17,11,3,4
4588734,1,9,away,TSG Hoffenheim,3,17,114.9,511,412,99,81.0,57.0,50.0,11,17,2,4
4588736,1,9,home,SC Freiburg,2,14,118.02,378,300,78,79.0,40.0,41.0,9,9,3,5
4588736,1,9,away,RB Leipzig,1,24,117.34,592,513,79,87.0,60.0,59.0,9,9,1,4
4588737,1,9,home,FC Schalke 04,0,14,112.98,353,266,87,75.0,43.0,45.0,9,6,5,8
4588737,1,9,away,Borussia Dortmund,0,8,112.6,484,382,102,79.0,57.0,55.0,9,8,1,2
4588738,1,9,home,SC Paderborn 07,2,14,113.48,363,267,96,74.0,49.0,45.0,23,16,2,4
4588738,1,9,away,Fortuna Düsseldorf,0,18,106.88,382,286,96,75.0,51.0,55.0,16,23,1,7
4588731,1,9,home,Bayer 04 Leverkusen,2,24,120.12,512,436,76,85.0,62.0,53.0,14,13,2,10
4588731,1,9,away,Werder Bremen,2,11,117.64,333,244,89,73.0,38.0,47.0,13,12,0,1
4588733,1,9,home,VfL Wolfsburg,0,14,116.71,438,325,113,74.0,57.0,51.0,14,13,3,5
4588733,1,9,away,FC Augsburg,0,10,114.44,340,236,104,69.0,43.0,49.0,14,11,1,3
4588732,1,9,home,Bor. Mönchengladbach,4,13,123.4,418,311,107,74.0,49.0,51.0,13,11,1,5
4588732,1,9,away,Eintracht Frankfurt,2,15,119.61,422,313,109,74.0,51.0,49.0,15,12,4,6
4588744,1,10,home,TSG Hoffenheim,3,12,118.22,779,733,46,94.0,63.0,53.0,7,12,2,4
4588744,1,10,away,SC Paderborn 07,0,9,119.46,441,389,52,88.0,37.0,47.0,12,7,1,4
4588739,1,10,home,Borussia Dortmund,3,17,118.95,641,548,93,85.0,65.0,50.0,12,18,1,7
4588739,1,10,away,VfL Wolfsburg,0,12,116.44,342,256,86,75.0,35.0,50.0,19,12,2,2
4588740,1,10,home,RB Leipzig,8,18,114.82,730,642,88,88.0,68.0,43.0,11,7,0,3
4588740,1,10,away,1. FSV Mainz 05,0,9,110.22,349,258,91,74.0,32.0,57.0,7,10,2,4
4588741,1,10,home,Bayer 04 Leverkusen,1,25,120.93,552,454,98,82.0,61.0,56.0,13,8,3,13
4588741,1,10,away,Bor. Mönchengladbach,2,10,121.58,370,272,98,74.0,39.0,44.0,9,13,4,0
4588742,1,10,home,Eintracht Frankfurt,5,17,117.21,391,303,88,77.0,40.0,47.0,14,7,2,3
4588742,1,10,away,Bayern München,1,8,103.64,593,506,87,85.0,60.0,53.0,7,12,3,0
4588743,1,10,home,Werder Bremen,2,21,117.85,437,350,87,80.0,46.0,47.0,18,9,0,5
4588743,1,10,away,SC Freiburg,2,13,116.17,511,431,80,84.0,54.0,53.0,10,17,2,0
4588747,1,10,home,1. FC Union Berlin,1,14,115.57,447,332,115,74.0,54.0,45.0,14,9,3,1
4588747,1,10,away,Hertha BSC,0,7,110.73,377,278,99,74.0,46.0,55.0,10,14,1,4
4588745,1,10,home,Fortuna Düsseldorf,2,9,109.13,301,207,94,69.0,39.0,54.0,11,20,0,3
4588745,1,10,away,1. FC Köln,0,8,108.21,476,384,92,81.0,61.0,46.0,20,11,2,4
4588746,1,10,home,FC Augsburg,2,12,115.21,263,168,95,64.0,33.0,48.0,13,10,2,1
4588746,1,10,away,FC Schalke 04,3,10,115.21,544,452,92,83.0,67.0,52.0,11,12,3,6
4588755,1,11,home,1. FC Köln,1,11,114.68,390,311,79,80.0,45.0,53.0,21,14,0,5
4588755,1,11,away,TSG Hoffenheim,2,15,115.51,477,389,88,82.0,55.0,47.0,14,20,0,7
4588751,1,11,home,Hertha BSC,2,7,112.03,365,250,115,68.0,38.0,45.0,12,11,2,0
4588751,1,11,away,RB Leipzig,4,10,117.96,586,467,119,80.0,62.0,55.0,12,9,2,5
4588752,1,11,home,1. FSV Mainz 05,2,16,119.13,463,359,104,78.0,55.0,48.0,16,15,5,3
4588752,1,11,away,1. FC Union Berlin,3,14,124.18,392,272,120,69.0,45.0,52.0,16,15,1,2
4588754,1,11,home,FC Schalke 04,3,12,113.87,437,331,106,76.0,57.0,56.0,10,16,2,2
4588754,1,11,away,Fortuna Düsseldorf,3,9,113.28,317,218,99,69.0,43.0,44.0,17,9,0,4
4588756,1,11,home,SC Paderborn 07,0,11,114.91,476,396,80,83.0,61.0,52.0,15,12,0,5
4588756,1,11,away,FC Augsburg,1,13,111.97,303,208,95,69.0,39.0,48.0,12,14,4,7
4588748,1,11,home,Bayern München,4,18,119.74,641,561,80,88.0,60.0,63.0,11,12,6,2
4588748,1,11,away,Borussia Dortmund,0,2,120.24,429,345,84,80.0,40.0,37.0,12,11,2,1
4588749,1,11,home,Bor. Mönchengladbach,3,17,111.73,456,369,87,81.0,54.0,57.0,18,10,4,3
4588749,1,11,away,Werder Bremen,1,16,110.64,382,282,100,74.0,46.0,43.0,13,17,0,8
4588750,1,11,home,VfL Wolfsburg,0,10,127.95,451,316,135,70.0,47.0,53.0,9,9,3,9
4588750,1,11,away,Bayer 04 Leverkusen,2,9,129.35,535,410,125,77.0,53.0,47.0,11,8,1,0
4588753,1,11,home,SC Freiburg,1,13,116.41,389,307,82,79.0,51.0,41.0,7,12,3,8
4588753,1,11,away,Eintracht Frankfurt,0,17,112.14,374,279,95,75.0,49.0,59.0,13,7,1,10
4588757,1,12,home,Borussia Dortmund,3,17,123.98,723,631,92,87.0,67.0,52.0,9,7,4,10
4588757,1,12,away,SC Paderborn 07,3,9,128.91,355,270,85,76.0,33.0,48.0,7,9,5,2
4588759,1,12,home,Bayer 04 Leverkusen,1,27,121.83,685,582,103,85.0,72.0,61.0,10,13,3,13
4588759,1,12,away,SC Freiburg,1,8,121.22,276,174,102,63.0,28.0,39.0,14,10,0,3
4588760,1,12,home,Eintracht Frankfurt,0,17,109.5,458,365,93,80.0,69.0,52.0,13,22,2,12
4588760,1,12,away,VfL Wolfsburg,2,9,107.99,217,130,87,60.0,31.0,48.0,23,13,3,1
4588761,1,12,home,Werder Bremen,1,18,117.34,466,356,110,76.0,50.0,55.0,12,15,1,1
4588761,1,12,away,FC Schalke 04,2,11,118.34,478,385,93,81.0,50.0,45.0,16,12,6,3
4588763,1,12,home,Fortuna Düsseldorf,0,13,111.44,268,190,78,71.0,29.0,47.0,8,6,3,8
4588763,1,12,away,Bayern München,4,17,111.84,692,621,71,90.0,71.0,53.0,6,8,6,6
4588765,1,12,home,1. FC Union Berlin,2,11,126.13,368,236,132,64.0,37.0,49.0,12,7,1,2
4588765,1,12,away,Bor. Mönchengladbach,0,13,121.92,612,486,126,79.0,63.0,51.0,7,12,2,6
4588758,1,12,home,RB Leipzig,4,21,113.36,719,627,92,87.0,69.0,54.0,9,15,3,13
4588758,1,12,away,1. FC Köln,1,6,111.45,317,229,88,72.0,31.0,46.0,15,9,6,3
4588764,1,12,home,FC Augsburg,4,14,114.8,423,340,83,80.0,52.0,58.0,9,18,3,3
4588764,1,12,away,Hertha BSC,0,5,106.49,387,311,76,80.0,48.0,42.0,19,8,2,3
4588762,1,12,home,TSG Hoffenheim,1,20,115.1,534,454,80,85.0,63.0,50.0,12,13,1,14
4588762,1,12,away,1. FSV Mainz 05,5,12,112.4,306,229,77,75.0,37.0,50.0,14,10,2,3
4588772,1,13,home,FC Schalke 04,2,17,117.98,483,368,115,76.0,55.0,51.0,12,13,4,7
4588772,1,13,away,1. FC Union Berlin,1,17,119.04,387,281,106,73.0,45.0,49.0,13,10,2,4
4588769,1,13,home,TSG Hoffenheim,1,12,117.85,504,403,101,80.0,51.0,53.0,12,16,2,2
4588769,1,13,away,Fortuna Düsseldorf,1,11,114.37,457,387,70,85.0,49.0,47.0,16,11,3,5
4588770,1,13,home,Hertha BSC,1,13,120.55,500,407,93,81.0,48.0,57.0,14,9,4,2
4588770,1,13,away,Borussia Dortmund,2,7,113.96,543,445,98,82.0,52.0,43.0,10,13,0,2
4588773,1,13,home,1. FC Köln,1,13,108.21,433,351,82,81.0,55.0,50.0,15,14,0,4
4588773,1,13,away,FC Augsburg,1,11,110.79,341,259,82,76.0,45.0,50.0,17,15,1,8
4588774,1,13,home,SC Paderborn 07,2,8,122.77,490,388,102,79.0,52.0,46.0,10,13,4,6
4588774,1,13,away,RB Leipzig,3,18,123.67,463,373,90,81.0,48.0,54.0,13,10,3,6
4588766,1,13,home,Bayern München,1,23,118.45,708,618,90,87.0,75.0,61.0,9,16,4,8
4588766,1,13,away,Bayer 04 Leverkusen,2,11,124.62,241,161,80,67.0,25.0,39.0,16,9,4,2
4588767,1,13,home,Bor. Mönchengladbach,4,23,119.9,443,360,83,81.0,50.0,56.0,15,15,1,2
4588767,1,13,away,SC Freiburg,2,12,117.3,427,350,77,82.0,50.0,44.0,16,13,0,3
4588768,1,13,home,VfL Wolfsburg,2,20,117.33,472,357,115,76.0,60.0,47.0,15,14,4,9
4588768,1,13,away,Werder Bremen,3,10,118.33,317,201,116,63.0,40.0,53.0,16,14,1,3
4588771,1,13,home,1. FSV Mainz 05,2,18,121.8,455,362,93,80.0,54.0,47.0,13,10,2,8
4588771,1,13,away,Eintracht Frankfurt,1,14,115.39,380,284,96,75.0,46.0,53.0,10,13,2,6
4588779,1,14,home,Eintracht Frankfurt,2,25,114.55,467,369,98,79.0,64.0,47.0,11,15,2,16
4588779,1,14,away,Hertha BSC,2,9,115.36,287,185,102,64.0,36.0,53.0,15,10,1,1
4588775,1,14,home,Borussia Dortmund,5,23,116.05,942,884,58,94.0,74.0,58.0,8,10,2,6
4588775,1,14,away,Fortuna Düsseldorf,0,2,113.11,328,249,79,76.0,26.0,42.0,10,8,2,0
4588776,1,14,home,RB Leipzig,3,25,124.22,417,334,83,80.0,41.0,51.0,16,5,4,8
4588776,1,14,away,TSG Hoffenheim,1,11,122.1,619,511,108,83.0,59.0,49.0,5,14,2,6
4588778,1,14,home,Bor. Mönchengladbach,2,7,117.85,323,235,88,73.0,38.0,53.0,14,17,5,2
4588778,1,14,away,Bayern München,1,16,115.62,531,444,87,84.0,62.0,47.0,18,12,1,5
4588781,1,14,home,SC Freiburg,1,10,115.71,378,276,102,73.0,50.0,52.0,14,20,1,2
4588781,1,14,away,VfL Wolfsburg,0,10,115.24,376,266,110,71.0,50.0,48.0,21,13,1,7
4588782,1,14,home,FC Augsburg,2,18,110.87,351,250,101,71.0,51.0,50.0,15,14,0,8
4588782,1,14,away,1. FSV Mainz 05,1,12,109.11,350,243,107,69.0,49.0,50.0,15,13,3,2
4588777,1,14,home,Bayer 04 Leverkusen,2,19,121.18,478,366,112,77.0,56.0,50.0,13,11,3,9
4588777,1,14,away,FC Schalke 04,1,5,117.56,385,254,131,66.0,44.0,50.0,13,12,3,0
4588783,1,14,home,1. FC Union Berlin,2,12,117.34,437,318,119,73.0,55.0,54.0,21,17,1,3
4588783,1,14,away,1. FC Köln,0,14,113.51,353,223,130,63.0,45.0,46.0,19,21,0,5
4588780,1,14,home,Werder Bremen,0,12,125.49,478,382,96,80.0,54.0,47.0,10,13,2,13
4588780,1,14,away,SC Paderborn 07,1,16,126.71,410,320,90,78.0,46.0,53.0,13,10,3,6
4588786,1,15,home,TSG Hoffenheim,2,19,117.41,658,575,83,87.0,76.0,48.0,10,7,6,11
4588786,1,15,away,FC Augsburg,4,6,122.87,212,135,77,64.0,24.0,52.0,7,10,5,1
4588784,1,15,home,Bayern München,6,28,116.69,738,657,81,89.0,73.0,44.0,15,12,0,8
4588784,1,15,away,Werder Bremen,1,10,117.2,272,191,81,70.0,27.0,56.0,13,13,3,2
4588788,1,15,home,Hertha BSC,1,16,115.1,359,274,85,76.0,38.0,51.0,11,5,0,4
4588788,1,15,away,SC Freiburg,0,15,118.04,566,472,94,83.0,62.0,49.0,6,9,1,7
4588789,1,15,home,1. FSV Mainz 05,0,9,112.23,389,295,94,76.0,38.0,48.0,9,10,2,3
4588789,1,15,away,Borussia Dortmund,4,18,114.9,650,560,90,86.0,62.0,52.0,10,8,1,5
4588791,1,15,home,1. FC Köln,2,13,116.44,380,280,100,74.0,39.0,47.0,14,9,8,3
4588791,1,15,away,Bayer 04 Leverkusen,0,6,113.83,610,521,89,85.0,61.0,53.0,12,12,2,4
4588792,1,15,home,SC Paderborn 07,1,13,113.77,442,340,102,77.0,57.0,45.0,19,16,1,2
4588792,1,15,away,1. FC Union Berlin,1,16,116.06,322,213,109,66.0,43.0,55.0,16,19,2,3
4588787,1,15,home,Fortuna Düsseldorf,0,4,104.1,298,224,74,75.0,30.0,49.0,12,10,0,3
4588787,1,15,away,RB Leipzig,3,22,110.96,689,633,56,92.0,70.0,51.0,10,11,0,9
4588785,1,15,home,VfL Wolfsburg,2,18,119.6,436,341,95,78.0,49.0,57.0,20,14,2,5
4588785,1,15,away,Bor. Mönchengladbach,1,6,116.75,459,372,87,81.0,51.0,43.0,15,20,0,2
4588790,1,15,home,FC Schalke 04,1,11,113.03,390,308,82,79.0,50.0,43.0,15,12,3,7
4588790,1,15,away,Eintracht Frankfurt,0,18,115.53,379,287,92,76.0,50.0,57.0,12,15,0,6
4588798,1,16,home,Werder Bremen,0,14,115.13,518,440,78,85.0,60.0,39.0,14,13,0,8
4588798,1,16,away,1. FSV Mainz 05,5,17,117.66,337,261,76,77.0,40.0,61.0,13,13,2,5
4588793,1,16,home,Borussia Dortmund,3,14,118.36,636,540,96,85.0,56.0,50.0,9,5,3,12
4588793,1,16,away,RB Leipzig,3,12,123.65,509,389,120,76.0,44.0,50.0,5,9,3,3
4588800,1,16,home,FC Augsburg,3,12,108.4,334,227,107,68.0,46.0,50.0,11,14,5,4
4588800,1,16,away,Fortuna Düsseldorf,0,6,104.01,397,286,111,72.0,54.0,50.0,14,11,1,2
4588801,1,16,home,1. FC Union Berlin,0,16,113.2,375,254,121,68.0,49.0,48.0,17,13,4,6
4588801,1,16,away,TSG Hoffenheim,2,7,113.15,399,280,119,70.0,51.0,52.0,14,16,1,1
4588794,1,16,home,Bayer 04 Leverkusen,0,16,117.09,681,585,96,86.0,71.0,53.0,12,15,4,5
4588794,1,16,away,Hertha BSC,1,10,117.16,276,187,89,68.0,29.0,47.0,16,12,1,4
4588795,1,16,home,Bor. Mönchengladbach,2,17,123.26,541,442,99,82.0,59.0,53.0,6,15,5,8
4588795,1,16,away,SC Paderborn 07,0,12,123.89,374,294,80,79.0,41.0,47.0,15,6,2,4
4588796,1,16,home,VfL Wolfsburg,1,29,116.99,399,316,83,79.0,54.0,54.0,14,11,2,12
4588796,1,16,away,FC Schalke 04,1,8,115.52,354,260,94,73.0,46.0,46.0,11,13,0,5
4588797,1,16,home,Eintracht Frankfurt,2,17,112.85,342,228,114,67.0,44.0,46.0,12,10,2,7
4588797,1,16,away,1. FC Köln,4,21,116.24,441,328,113,74.0,56.0,54.0,10,12,1,10
4588799,1,16,home,SC Freiburg,1,15,122.85,331,230,101,69.0,35.0,50.0,6,8,3,6
4588799,1,16,away,Bayern München,3,22,121.09,602,506,96,84.0,65.0,50.0,8,6,1,8
4588804,1,17,home,TSG Hoffenheim,2,11,123.51,552,461,91,84.0,48.0,58.0,8,12,5,0
4588804,1,17,away,Borussia Dortmund,1,12,122.03,587,502,85,86.0,52.0,42.0,12,8,2,8
4588802,1,17,home,Bayern München,2,18,116.71,577,497,80,86.0,69.0,53.0,7,7,3,12
4588802,1,17,away,VfL Wolfsburg,0,10,118.18,275,174,101,63.0,31.0,47.0,9,7,3,6
4588803,1,17,home,RB Leipzig,3,22,116.46,608,526,82,87.0,75.0,56.0,8,9,7,11
4588803,1,17,away,FC Augsburg,1,6,116.15,206,123,83,60.0,25.0,44.0,10,7,3,4
4588807,1,17,home,1. FSV Mainz 05,0,20,115.24,317,216,101,68.0,39.0,51.0,9,8,6,6
4588807,1,17,away,Bayer 04 Leverkusen,1,14,116.13,503,405,98,81.0,61.0,49.0,9,8,3,6
4588808,1,17,home,FC Schalke 04,2,20,115.05,458,377,81,82.0,58.0,54.0,10,12,2,7
4588808,1,17,away,SC Freiburg,2,19,116.13,316,239,77,76.0,42.0,46.0,12,9,1,5
4588809,1,17,home,1. FC Köln,1,7,113.83,476,371,105,78.0,54.0,57.0,11,18,4,1
4588809,1,17,away,Werder Bremen,0,6,117.73,401,305,96,76.0,46.0,43.0,20,11,1,7
4588806,1,17,home,Hertha BSC,0,7,111.15,356,263,93,74.0,40.0,53.0,12,11,1,1
4588806,1,17,away,Bor. Mönchengladbach,0,11,113.45,518,431,87,83.0,60.0,47.0,11,11,6,7
4588805,1,17,home,Fortuna Düsseldorf,2,22,116.94,406,316,90,78.0,47.0,52.0,12,18,0,7
4588805,1,17,away,1. FC Union Berlin,1,17,119.7,453,356,97,79.0,53.0,48.0,20,10,1,5
4588810,1,17,home,SC Paderborn 07,2,19,120.14,402,295,107,73.0,51.0,55.0,11,11,3,3
4588810,1,17,away,Eintracht Frankfurt,1,20,113.92,375,274,101,73.0,49.0,45.0,11,10,1,8
4588816,1,18,home,FC Schalke 04,2,15,116.09,352,254,98,72.0,45.0,55.0,15,17,0,8
4588816,1,18,away,Bor. Mönchengladbach,0,14,113.62,429,339,90,79.0,55.0,45.0,18,12,1,8
4588812,1,18,home,TSG Hoffenheim,1,12,118.89,612,511,101,83.0,65.0,41.0,10,13,3,8
4588812,1,18,away,Eintracht Frankfurt,2,13,119.23,329,233,96,71.0,35.0,59.0,13,10,0,6
4588813,1,18,home,Fortuna Düsseldorf,0,18,109.98,412,303,109,74.0,48.0,44.0,17,12,2,6
4588813,1,18,away,Werder Bremen,1,13,114.7,453,326,127,72.0,52.0,56.0,12,17,1,4
4588815,1,18,home,1. FSV Mainz 05,1,24,113.95,458,352,106,77.0,58.0,52.0,15,10,2,7
4588815,1,18,away,SC Freiburg,2,13,118.86,331,231,100,70.0,42.0,48.0,10,15,2,5
4588817,1,18,home,FC Augsburg,3,13,121.53,320,226,94,71.0,29.0,41.0,5,5,7,2
4588817,1,18,away,Borussia Dortmund,5,17,119.0,781,682,99,87.0,71.0,59.0,5,5,2,6
4588818,1,18,home,1. FC Köln,3,12,115.18,360,251,109,70.0,48.0,50.0,11,18,2,8
4588818,1,18,away,VfL Wolfsburg,1,18,115.75,383,284,99,74.0,52.0,50.0,18,11,0,5
4588811,1,18,home,RB Leipzig,3,19,116.64,627,517,110,82.0,66.0,53.0,6,18,3,4
4588811,1,18,away,1. FC Union Berlin,1,14,118.71,311,204,107,66.0,34.0,47.0,20,6,4,4
4588814,1,18,home,Hertha BSC,0,7,113.21,344,245,99,71.0,33.0,49.0,7,15,1,0
4588814,1,18,away,Bayern München,4,20,117.08,689,603,86,88.0,67.0,51.0,15,7,3,4
4588819,1,18,home,SC Paderborn 07,1,13,122.87,365,273,92,75.0,36.0,45.0,8,12,1,6
4588819,1,18,away,Bayer 04 Leverkusen,4,12,125.17,658,575,83,87.0,64.0,55.0,12,8,4,4
4588821,1,19,home,Borussia Dortmund,5,14,116.83,698,606,92,87.0,60.0,60.0,6,7,1,1
4588821,1,19,away,1. FC Köln,1,11,114.72,455,386,69,85.0,40.0,40.0,7,6,5,3
4588823,1,19,home,Bor. Mönchengladbach,3,15,119.31,625,514,111,82.0,71.0,50.0,7,14,5,6
4588823,1,19,away,1. FSV Mainz 05,1,13,118.36,241,157,84,65.0,29.0,50.0,14,7,4,3
4588824,1,19,home,VfL Wolfsburg,1,20,118.32,546,439,107,80.0,59.0,42.0,8,8,3,9
4588824,1,19,away,Hertha BSC,2,9,115.22,381,267,114,70.0,41.0,58.0,8,8,1,4
4588825,1,19,home,Eintracht Frankfurt,2,7,114.98,280,179,101,64.0,33.0,50.0,7,10,0,4
4588825,1,19,away,RB Leipzig,0,23,112.48,570,453,117,79.0,67.0,50.0,10,7,1,6
4588827,1,19,home,SC Freiburg,0,19,117.45,548,455,93,83.0,64.0,45.0,11,7,0,6
4588827,1,19,away,SC Paderborn 07,2,17,116.14,302,225,77,75.0,36.0,55.0,7,11,0,6
4588828,1,19,home,1. FC Union Berlin,2,12,118.57,364,238,126,65.0,46.0,51.0,18,9,2,4
4588828,1,19,away,FC Augsburg,0,24,115.66,419,289,130,69.0,54.0,49.0,9,18,3,5
4588820,1,19,home,Bayern München,5,24,117.28,822,741,81,90.0,76.0,55.0,3,4,3,9
4588820,1,19,away,FC Schalke 04,0,7,116.7,271,203,68,75.0,24.0,45.0,5,3,2,2
4588826,1,19,home,Werder Bremen,0,16,118.32,490,395,95,81.0,54.0,45.0,16,15,1,7
4588826,1,19,away,TSG Hoffenheim,3,11,120.72,440,344,96,78.0,46.0,55.0,15,15,1,4
4588822,1,19,home,Bayer 04 Leverkusen,3,27,116.23,593,506,87,85.0,67.0,54.0,10,10,2,8
4588822,1,19,away,Fortuna Düsseldorf,0,12,112.32,285,196,89,69.0,33.0,46.0,11,10,3,5
4588833,1,20,home,Hertha BSC,0,9,114.69,360,236,124,66.0,42.0,51.0,9,9,1,3
4588833,1,20,away,FC Schalke 04,0,13,113.85,520,420,100,81.0,58.0,49.0,9,9,2,7
4588829,1,20,home,Borussia Dortmund,5,13,111.38,712,638,74,90.0,66.0,48.0,7,8,2,5
4588829,1,20,away,1. FC Union Berlin,0,5,116.05,357,276,81,77.0,34.0,52.0,8,7,0,3
4588831,1,20,home,TSG Hoffenheim,2,14,115.41,293,192,101,66.0,35.0,46.0,8,10,1,4
4588831,1,20,away,Bayer 04 Leverkusen,1,22,117.23,548,450,98,82.0,65.0,54.0,10,8,4,10
4588832,1,20,home,Fortuna Düsseldorf,1,8,115.27,466,373,93,80.0,53.0,52.0,8,12,5,4
4588832,1,20,away,Eintracht Frankfurt,1,6,113.66,406,310,96,76.0,47.0,48.0,12,6,3,4
4588834,1,20,home,1. FSV Mainz 05,1,8,120.82,297,195,102,66.0,31.0,42.0,14,9,2,6
4588834,1,20,away,Bayern München,3,13,117.93,696,599,97,86.0,69.0,58.0,10,12,2,4
4588835,1,20,home,FC Augsburg,2,15,116.16,387,296,91,76.0,50.0,67.0,8,17,5,5
4588835,1,20,away,Werder Bremen,1,7,113.15,379,278,101,73.0,50.0,33.0,19,8,3,3
4588830,1,20,home,RB Leipzig,2,19,120.34,598,498,100,83.0,64.0,52.0,13,13,1,4
4588830,1,20,away,Bor. Mönchengladbach,2,7,116.26,345,259,86,75.0,36.0,48.0,15,12,3,4
4588836,1,20,home,1. FC Köln,4,24,112.56,337,251,86,74.0,45.0,53.0,14,10,2,10
4588836,1,20,away,SC Freiburg,0,9,112.14,430,332,98,77.0,55.0,47.0,11,14,2,6
4588837,1,20,home,SC Paderborn 07,2,10,110.54,358,266,92,74.0,47.0,50.0,15,17,2,3
4588837,1,20,away,VfL Wolfsburg,4,9,118.36,406,306,100,75.0,53.0,50.0,18,15,3,7
4588842,1,21,home,Eintracht Frankfurt,5,13,113.72,540,417,123,77.0,60.0,63.0,8,5,2,1
4588842,1,21,away,FC Augsburg,0,8,110.86,366,253,113,69.0,40.0,37.0,6,7,3,4
4588841,1,21,home,VfL Wolfsburg,1,12,114.74,452,345,107,76.0,48.0,54.0,11,14,4,3
4588841,1,21,away,Fortuna Düsseldorf,1,10,118.58,482,379,103,79.0,52.0,46.0,14,10,3,5
4588843,1,21,home,Werder Bremen,0,14,118.01,683,589,94,86.0,70.0,40.0,8,16,1,5
4588843,1,21,away,1. FC Union Berlin,2,11,122.41,284,193,91,68.0,30.0,60.0,17,7,2,5
4588844,1,21,home,Hertha BSC,1,13,117.39,653,563,90,86.0,68.0,52.0,14,16,0,10
4588844,1,21,away,1. FSV Mainz 05,3,11,122.81,300,224,76,75.0,32.0,48.0,16,13,1,1
4588845,1,21,home,SC Freiburg,1,12,119.87,455,376,79,83.0,50.0,54.0,10,15,2,5
4588845,1,21,away,TSG Hoffenheim,0,20,117.38,439,353,86,80.0,50.0,46.0,16,10,0,10
4588846,1,21,home,FC Schalke 04,1,15,114.76,530,452,78,85.0,66.0,52.0,6,8,2,11
4588846,1,21,away,SC Paderborn 07,1,15,115.13,244,155,89,64.0,34.0,48.0,8,6,2,10
4588839,1,21,home,Bayer 04 Leverkusen,4,8,122.6,526,436,90,83.0,52.0,51.0,9,10,4,3
4588839,1,21,away,Borussia Dortmund,3,12,115.84,491,404,87,82.0,48.0,49.0,11,9,3,7
4588838,1,21,home,Bayern München,0,11,117.07,734,630,104,86.0,70.0,51.0,8,13,3,11
4588838,1,21,away,RB Leipzig,0,9,120.66,316,206,110,65.0,30.0,49.0,14,8,8,3
4588840,1,21,home,Bor. Mönchengladbach,2,12,120.09,540,441,99,82.0,53.0,55.0,13,14,2,6
4588840,1,21,away,1. FC Köln,1,15,114.56,459,364,95,79.0,47.0,45.0,15,13,1,3
4588847,1,22,home,Borussia Dortmund,4,17,114.75,748,659,89,88.0,63.0,54.0,7,3,1,5
4588847,1,22,away,Eintracht Frankfurt,0,1,114.59,436,334,102,77.0,37.0,46.0,4,7,2,0
4588848,1,22,home,RB Leipzig,3,10,120.6,561,468,93,83.0,51.0,57.0,10,12,4,8
4588848,1,22,away,Werder Bremen,0,8,119.79,541,440,101,81.0,49.0,43.0,12,10,2,1
4588849,1,22,home,TSG Hoffenheim,2,14,120.63,530,441,89,83.0,57.0,59.0,8,12,0,4
4588849,1,22,away,VfL Wolfsburg,3,14,124.4,391,306,85,78.0,43.0,41.0,13,7,1,4
4588852,1,22,home,FC Augsburg,1,9,112.54,234,145,89,62.0,27.0,41.0,22,5,1,0
4588852,1,22,away,SC Freiburg,1,20,112.67,658,555,103,84.0,73.0,59.0,5,19,2,3
4588854,1,22,home,SC Paderborn 07,1,21,114.9,406,309,97,76.0,53.0,47.0,15,11,5,5
4588854,1,22,away,Hertha BSC,2,16,115.84,369,266,103,72.0,47.0,53.0,13,14,0,8
4588855,1,22,home,1. FC Union Berlin,2,21,121.14,330,203,127,62.0,40.0,50.0,10,12,1,6
4588855,1,22,away,Bayer 04 Leverkusen,3,13,120.99,514,393,121,76.0,60.0,50.0,13,10,2,4
4588850,1,22,home,Fortuna Düsseldorf,1,9,110.53,416,353,63,85.0,50.0,43.0,11,10,2,2
4588850,1,22,away,Bor. Mönchengladbach,4,17,113.31,403,337,66,84.0,50.0,57.0,11,10,1,5
4588853,1,22,home,1. FC Köln,1,13,112.64,350,271,79,77.0,38.0,52.0,12,10,4,1
4588853,1,22,away,Bayern München,4,24,117.81,571,503,68,88.0,62.0,48.0,10,12,1,6
4588851,1,22,home,1. FSV Mainz 05,0,15,109.32,298,188,110,63.0,39.0,56.0,8,11,3,3
4588851,1,22,away,FC Schalke 04,0,8,110.89,482,375,107,78.0,61.0,44.0,12,7,1,6
4588856,1,23,home,Bayern München,3,18,121.14,699,604,95,86.0,72.0,59.0,4,9,2,11
4588856,1,23,away,SC Paderborn 07,2,5,121.53,272,175,97,64.0,28.0,41.0,9,3,6,1
4588858,1,23,home,Bor. Mönchengladbach,1,16,121.82,468,392,76,84.0,48.0,52.0,10,8,1,8
4588858,1,23,away,TSG Hoffenheim,1,21,120.44,500,429,71,86.0,52.0,48.0,11,8,1,8
4588861,1,23,home,Werder Bremen,0,8,119.62,413,338,75,82.0,36.0,48.0,13,7,2,2
4588861,1,23,away,Borussia Dortmund,2,12,113.74,731,642,89,88.0,64.0,52.0,8,13,3,6
4588862,1,23,home,Hertha BSC,0,9,112.2,534,438,96,82.0,61.0,46.0,12,10,1,5
4588862,1,23,away,1. FC Köln,5,17,115.23,342,241,101,70.0,39.0,54.0,10,12,1,3
4588863,1,23,home,SC Freiburg,0,16,115.12,498,397,101,80.0,61.0,53.0,13,10,2,7
4588863,1,23,away,Fortuna Düsseldorf,2,9,118.02,332,236,96,71.0,39.0,47.0,10,13,1,4
4588864,1,23,home,FC Schalke 04,0,3,107.06,490,404,86,82.0,53.0,48.0,10,7,5,2
4588864,1,23,away,RB Leipzig,5,24,113.59,430,340,90,79.0,47.0,52.0,7,10,0,5
4588857,1,23,home,Bayer 04 Leverkusen,2,9,118.52,851,747,104,88.0,76.0,67.0,10,12,2,2
4588857,1,23,away,FC Augsburg,0,8,121.61,261,161,100,62.0,24.0,33.0,13,8,3,3
4588859,1,23,home,VfL Wolfsburg,4,17,116.61,479,382,97,80.0,56.0,48.0,11,12,1,4
4588859,1,23,away,1. FSV Mainz 05,0,17,112.03,361,263,98,73.0,44.0,52.0,12,10,1,14
4588860,1,23,home,Eintracht Frankfurt,1,21,115.92,505,394,111,78.0,64.0,54.0,10,15,3,14
4588860,1,23,away,1. FC Union Berlin,2,11,121.24,282,172,110,61.0,36.0,46.0,15,10,5,6
4588869,1,24,home,Fortuna Düsseldorf,3,14,120.44,466,377,89,81.0,50.0,40.0,11,11,6,3
4588869,1,24,away,Hertha BSC,3,15,118.13,463,372,91,80.0,50.0,60.0,11,11,4,5
4588865,1,24,home,Borussia Dortmund,1,16,115.78,790,716,74,91.0,64.0,51.0,5,9,1,6
4588865,1,24,away,SC Freiburg,0,13,121.11,424,346,78,82.0,36.0,49.0,9,5,1,4
4588868,1,24,home,TSG Hoffenheim,0,4,104.43,334,262,72,78.0,34.0,48.0,3,7,1,1
4588868,1,24,away,Bayern München,6,25,106.33,641,592,49,92.0,66.0,52.0,7,3,5,7
4588870,1,24,home,1. FSV Mainz 05,2,8,117.44,353,254,99,72.0,45.0,57.0,7,15,1,5
4588870,1,24,away,SC Paderborn 07,0,9,117.22,444,337,107,76.0,55.0,43.0,16,5,0,8
4588871,1,24,home,FC Augsburg,2,8,120.48,419,333,86,79.0,45.0,46.0,11,6,2,5
4588871,1,24,away,Bor. Mönchengladbach,3,15,122.77,516,454,62,88.0,55.0,54.0,6,11,0,3
4588872,1,24,home,1. FC Köln,3,11,112.34,347,257,90,74.0,38.0,54.0,8,8,8,4
4588872,1,24,away,FC Schalke 04,0,7,112.85,577,473,104,82.0,62.0,46.0,11,7,0,2
4588873,1,24,home,1. FC Union Berlin,2,6,118.59,320,201,119,63.0,40.0,53.0,8,13,2,1
4588873,1,24,away,VfL Wolfsburg,2,12,118.05,486,379,107,78.0,60.0,47.0,14,8,1,6
4588866,1,24,home,RB Leipzig,1,9,122.9,395,317,78,80.0,37.0,64.0,4,13,4,8
4588866,1,24,away,Bayer 04 Leverkusen,1,15,119.83,695,616,79,89.0,63.0,36.0,13,4,2,5
4588867,1,24,home,Werder Bremen,0,11,114.91,425,327,98,77.0,50.0,51.0,14,20,6,5
4588867,1,24,away,Eintracht Frankfurt,3,11,114.12,411,316,95,77.0,50.0,49.0,21,14,2,6
4588882,1,25,home,SC Paderborn 07,1,16,116.95,387,291,96,75.0,48.0,48.0,8,12,1,5
4588882,1,25,away,1. FC Köln,2,15,115.43,425,329,96,77.0,52.0,52.0,12,8,0,9
4588875,1,25,home,Bayer 04 Leverkusen,4,13,119.82,632,552,80,87.0,62.0,59.0,12,12,1,1
4588875,1,25,away,Eintracht Frankfurt,0,9,117.29,381,282,99,74.0,38.0,41.0,12,9,3,3
4588877,1,25,home,VfL Wolfsburg,0,16,125.83,379,282,97,74.0,39.0,55.0,13,14,2,4
4588877,1,25,away,RB Leipzig,0,14,121.85,615,515,100,84.0,61.0,45.0,14,11,1,4
4588878,1,25,home,Hertha BSC,2,19,116.15,406,277,129,68.0,49.0,47.0,18,5,1,3
4588878,1,25,away,Werder Bremen,2,7,118.3,431,297,134,69.0,51.0,53.0,7,18,4,1
4588880,1,25,home,SC Freiburg,3,9,117.24,400,301,99,75.0,52.0,59.0,5,20,4,7
4588880,1,25,away,1. FC Union Berlin,1,14,114.84,363,270,93,74.0,48.0,41.0,20,5,0,2
4588881,1,25,home,FC Schalke 04,1,14,116.04,406,322,84,79.0,44.0,52.0,8,12,1,4
4588881,1,25,away,TSG Hoffenheim,1,4,114.6,518,444,74,86.0,56.0,48.0,12,8,2,5
4588876,1,25,home,Bor. Mönchengladbach,1,10,121.6,498,412,86,83.0,45.0,49.0,10,10,6,3
4588876,1,25,away,Borussia Dortmund,2,10,117.0,619,517,102,84.0,55.0,51.0,11,8,0,3
4588874,1,25,home,Bayern München,2,18,116.32,783,671,112,86.0,74.0,61.0,4,7,0,9
4588874,1,25,away,FC Augsburg,0,6,122.02,266,165,101,62.0,26.0,39.0,7,4,4,4
4588879,1,25,home,1. FSV Mainz 05,1,3,114.36,307,205,102,67.0,35.0,48.0,19,10,2,1
4588879,1,25,away,Fortuna Düsseldorf,1,20,117.58,569,466,103,82.0,65.0,52.0,11,18,1,8
4588883,1,26,home,Borussia Dortmund,4,11,109.02,611,522,89,85.0,60.0,51.0,9,8,0,4
4588883,1,26,away,FC Schalke 04,0,10,107.84,410,332,78,81.0,40.0,49.0,8,8,4,2
4588884,1,26,home,RB Leipzig,1,22,120.33,655,570,85,87.0,67.0,45.0,11,8,0,8
4588884,1,26,away,SC Freiburg,1,6,121.29,327,237,90,72.0,33.0,55.0,8,11,4,4
4588887,1,26,home,TSG Hoffenheim,0,18,114.18,435,355,80,82.0,51.0,58.0,9,17,0,7
4588887,1,26,away,Hertha BSC,3,13,114.47,419,350,69,84.0,49.0,42.0,17,7,1,5
4588888,1,26,home,Fortuna Düsseldorf,0,10,119.6,525,445,80,85.0,54.0,56.0,15,16,4,2
4588888,1,26,away,SC Paderborn 07,0,7,115.04,452,374,78,83.0,46.0,44.0,16,14,0,0
4588889,1,26,home,FC Augsburg,1,8,117.42,333,233,100,70.0,40.0,44.0,8,11,5,3
4588889,1,26,away,VfL Wolfsburg,2,16,114.03,496,404,92,81.0,60.0,56.0,11,8,2,1
4588885,1,26,home,Eintracht Frankfurt,1,12,116.43,514,409,105,80.0,53.0,50.0,19,10,1,5
4588885,1,26,away,Bor. Mönchengladbach,3,15,117.27,479,384,95,80.0,47.0,50.0,10,19,3,1
4588890,1,26,home,1. FC Köln,2,16,108.52,392,304,88,78.0,49.0,57.0,20,15,1,5
4588890,1,26,away,1. FSV Mainz 05,2,11,109.34,404,331,73,82.0,51.0,43.0,15,20,2,7
4588891,1,26,home,1. FC Union Berlin,0,9,123.52,307,206,101,67.0,32.0,49.0,13,10,6,4
4588891,1,26,away,Bayern München,2,13,118.9,652,539,113,83.0,68.0,51.0,10,13,3,9
4588886,1,26,home,Werder Bremen,1,10,123.54,410,327,83,80.0,36.0,51.0,15,12,0,2
4588886,1,26,away,Bayer 04 Leverkusen,4,13,124.21,715,629,86,88.0,64.0,49.0,14,15,0,9
4588895,1,27,home,Hertha BSC,4,15,112.82,458,383,75,84.0,55.0,50.0,12,12,2,4
4588895,1,27,away,1. FC Union Berlin,0,7,113.84,358,279,79,78.0,45.0,50.0,12,12,1,6
4588893,1,27,home,Bor. Mönchengladbach,1,17,112.33,420,330,90,79.0,45.0,51.0,16,16,5,6
4588893,1,27,away,Bayer 04 Leverkusen,3,14,115.33,527,434,93,82.0,55.0,49.0,16,15,3,3
4588894,1,27,home,VfL Wolfsburg,0,7,115.55,429,341,88,79.0,39.0,48.0,11,9,1,2
4588894,1,27,away,Borussia Dortmund,2,6,113.81,692,595,97,86.0,61.0,52.0,10,11,0,2
4588897,1,27,home,SC Freiburg,0,17,122.11,598,514,84,86.0,63.0,56.0,12,18,3,7
4588897,1,27,away,Werder Bremen,1,10,123.57,361,266,95,74.0,37.0,44.0,18,11,1,2
4588900,1,27,home,SC Paderborn 07,1,12,119.51,364,290,74,80.0,38.0,47.0,14,12,1,2
4588900,1,27,away,TSG Hoffenheim,1,17,118.96,605,525,80,87.0,62.0,53.0,13,14,3,8
4588892,1,27,home,Bayern München,5,23,113.28,672,566,106,84.0,66.0,53.0,10,6,2,7
4588892,1,27,away,Eintracht Frankfurt,2,12,114.47,339,235,104,69.0,34.0,47.0,7,10,1,2
4588898,1,27,home,FC Schalke 04,0,12,111.63,612,502,110,82.0,71.0,48.0,14,10,2,3
4588898,1,27,away,FC Augsburg,3,9,116.94,249,149,100,60.0,29.0,52.0,11,14,1,2
4588896,1,27,home,1. FSV Mainz 05,0,4,107.29,343,271,72,79.0,35.0,42.0,13,10,3,5
4588896,1,27,away,RB Leipzig,5,20,110.81,669,599,70,90.0,65.0,58.0,11,13,2,4
4588899,1,27,home,1. FC Köln,2,15,114.0,520,413,107,79.0,61.0,59.0,19,16,3,6
4588899,1,27,away,Fortuna Düsseldorf,2,10,119.93,328,213,115,65.0,39.0,41.0,17,19,0,2
4588901,1,28,home,Borussia Dortmund,0,13,121.42,612,520,92,85.0,51.0,58.0,9,15,3,4
4588901,1,28,away,Bayern München,1,11,121.26,588,509,79,87.0,49.0,42.0,15,9,1,3
4588903,1,28,home,Bayer 04 Leverkusen,1,9,115.44,639,542,97,85.0,70.0,57.0,10,16,3,12
4588903,1,28,away,VfL Wolfsburg,4,14,119.13,272,188,84,69.0,30.0,43.0,16,8,3,6
4588904,1,28,home,Eintracht Frankfurt,3,34,117.78,543,460,83,85.0,63.0,53.0,14,8,0,9
4588904,1,28,away,SC Freiburg,3,10,121.72,335,249,86,74.0,37.0,47.0,9,14,4,2
4588905,1,28,home,Werder Bremen,0,12,116.83,455,365,90,80.0,45.0,46.0,14,9,1,8
4588905,1,28,away,Bor. Mönchengladbach,0,9,114.08,567,479,88,84.0,55.0,54.0,11,14,1,5
4588902,1,28,home,RB Leipzig,2,11,108.64,465,391,74,84.0,57.0,51.0,12,19,1,4
4588902,1,28,away,Hertha BSC,2,12,110.16,346,281,65,81.0,43.0,49.0,20,11,6,7
4588906,1,28,home,TSG Hoffenheim,3,8,111.93,409,336,73,82.0,44.0,55.0,12,8,3,0
4588906,1,28,away,1. FC Köln,1,17,108.76,503,441,62,88.0,56.0,45.0,8,10,2,10
4588907,1,28,home,Fortuna Düsseldorf,2,13,117.57,574,464,110,81.0,67.0,44.0,10,13,1,7
4588907,1,28,away,FC Schalke 04,1,8,115.45,278,176,102,63.0,33.0,56.0,13,9,1,2
4588908,1,28,home,FC Augsburg,0,12,118.4,460,348,112,76.0,55.0,59.0,7,14,2,6
4588908,1,28,away,SC Paderborn 07,0,15,114.28,369,293,76,79.0,45.0,41.0,14,7,1,6
4588909,1,28,home,1. FC Union Berlin,1,9,110.18,316,216,100,68.0,40.0,50.0,17,17,0,6
4588909,1,28,away,1. FSV Mainz 05,1,10,109.86,474,385,89,81.0,60.0,50.0,18,17,1,6
4588915,1,29,home,SC Freiburg,0,9,118.81,310,221,89,71.0,32.0,48.0,8,12,2,6
4588915,1,29,away,Bayer 04 Leverkusen,1,7,118.1,692,603,89,87.0,68.0,52.0,13,8,1,6
4588912,1,29,home,VfL Wolfsburg,1,19,113.15,370,266,104,72.0,52.0,53.0,18,15,2,4
4588912,1,29,away,Eintracht Frankfurt,2,7,111.16,341,232,109,68.0,48.0,47.0,16,16,1,3
4588913,1,29,home,Hertha BSC,2,11,122.19,427,325,102,76.0,51.0,51.0,19,6,1,7
4588913,1,29,away,FC Augsburg,0,8,120.55,396,297,99,75.0,49.0,49.0,7,17,1,8
4588914,1,29,home,1. FSV Mainz 05,0,18,113.55,420,335,85,80.0,50.0,56.0,17,15,0,10
4588914,1,29,away,TSG Hoffenheim,1,12,116.29,442,343,99,78.0,50.0,44.0,15,17,1,7
4588916,1,29,home,FC Schalke 04,0,12,109.13,341,235,106,69.0,42.0,52.0,19,15,3,4
4588916,1,29,away,Werder Bremen,1,6,111.2,470,369,101,79.0,58.0,48.0,16,19,1,8
4588910,1,29,home,Bayern München,5,21,113.21,690,604,86,88.0,69.0,48.0,9,9,4,7
4588910,1,29,away,Fortuna Düsseldorf,0,7,116.89,309,224,85,72.0,31.0,52.0,10,9,1,2
4588911,1,29,home,Bor. Mönchengladbach,4,15,115.58,561,484,77,86.0,58.0,50.0,13,9,4,4
4588911,1,29,away,1. FC Union Berlin,1,12,116.07,396,302,94,76.0,42.0,50.0,9,13,1,3
4588918,1,29,home,SC Paderborn 07,1,9,114.95,334,255,79,76.0,33.0,44.0,4,4,3,2
4588918,1,29,away,Borussia Dortmund,6,16,112.94,673,605,68,90.0,67.0,56.0,6,4,1,8
4588917,1,29,home,1. FC Köln,2,7,119.87,444,349,95,79.0,48.0,50.0,16,6,2,4
4588917,1,29,away,RB Leipzig,4,19,120.33,498,398,100,80.0,52.0,50.0,7,16,1,7
4588925,1,30,home,SC Freiburg,1,15,122.13,341,252,89,74.0,35.0,52.0,14,13,1,3
4588925,1,30,away,Bor. Mönchengladbach,0,18,117.82,627,541,86,86.0,65.0,48.0,14,14,1,10
4588920,1,30,home,RB Leipzig,1,12,111.92,456,354,102,78.0,51.0,53.0,11,13,2,7
4588920,1,30,away,SC Paderborn 07,1,16,114.47,414,329,85,79.0,49.0,47.0,14,10,4,9
4588921,1,30,home,Bayer 04 Leverkusen,2,10,122.69,523,435,88,83.0,48.0,41.0,14,4,4,6
4588921,1,30,away,Bayern München,4,16,121.78,578,487,91,84.0,52.0,59.0,5,13,3,4
4588922,1,30,home,Eintracht Frankfurt,0,11,111.63,533,421,112,79.0,66.0,49.0,17,15,1,7
4588922,1,30,away,1. FSV Mainz 05,2,17,114.54,270,166,104,61.0,34.0,51.0,15,17,4,5
4588924,1,30,home,Fortuna Düsseldorf,2,25,117.11,610,534,76,88.0,68.0,53.0,13,13,1,7
4588924,1,30,away,TSG Hoffenheim,2,8,105.74,308,220,88,71.0,32.0,47.0,15,12,0,1
4588919,1,30,home,Borussia Dortmund,1,13,117.24,745,665,80,89.0,64.0,60.0,7,11,4,6
4588919,1,30,away,Hertha BSC,0,4,122.62,420,336,84,80.0,36.0,40.0,11,7,1,0
4588923,1,30,home,Werder Bremen,0,13,118.73,480,360,120,75.0,54.0,43.0,17,10,2,5
4588923,1,30,away,VfL Wolfsburg,1,17,119.47,408,315,93,77.0,46.0,57.0,13,17,2,4
4588927,1,30,home,1. FC Union Berlin,1,12,114.34,330,228,102,69.0,47.0,54.0,19,12,3,9
4588927,1,30,away,FC Schalke 04,1,4,112.09,399,282,117,71.0,53.0,46.0,13,18,1,4
4588926,1,30,home,FC Augsburg,1,16,113.79,335,228,107,68.0,50.0,49.0,13,20,0,9
4588926,1,30,away,1. FC Köln,1,9,108.62,352,234,118,66.0,50.0,51.0,21,13,3,2
4588930,1,31,home,TSG Hoffenheim,0,24,116.92,451,340,111,75.0,51.0,57.0,15,18,4,9
4588930,1,31,away,RB Leipzig,2,15,118.07,455,336,119,74.0,49.0,43.0,18,12,1,1
4588929,1,31,home,VfL Wolfsburg,2,20,111.14,337,249,88,74.0,46.0,53.0,17,10,0,6
4588929,1,31,away,SC Freiburg,2,11,109.43,396,303,93,77.0,54.0,47.0,11,15,0,5
4588931,1,31,home,Fortuna Düsseldorf,0,6,116.0,426,347,79,81.0,37.0,52.0,6,13,1,6
4588931,1,31,away,Borussia Dortmund,1,6,107.46,733,649,84,89.0,63.0,48.0,15,5,1,1
4588932,1,31,home,Hertha BSC,1,5,106.39,355,271,84,76.0,39.0,45.0,14,7,6,1
4588932,1,31,away,Eintracht Frankfurt,4,18,110.21,543,457,86,84.0,61.0,55.0,7,14,1,5
4588935,1,31,home,1. FC Köln,1,10,111.02,537,427,110,80.0,62.0,54.0,18,17,1,4
4588935,1,31,away,1. FC Union Berlin,2,6,120.42,329,223,106,68.0,38.0,46.0,17,16,1,6
4588936,1,31,home,SC Paderborn 07,1,18,106.43,354,271,83,77.0,48.0,46.0,18,18,0,11
4588936,1,31,away,Werder Bremen,5,11,110.61,394,297,97,75.0,52.0,54.0,18,16,2,2
4588928,1,31,home,Bayern München,2,10,115.48,560,469,91,84.0,50.0,50.0,13,9,3,3
4588928,1,31,away,Bor. Mönchengladbach,1,9,118.98,574,476,98,83.0,50.0,50.0,10,11,5,1
4588933,1,31,home,1. FSV Mainz 05,0,17,114.32,501,393,108,78.0,66.0,54.0,8,14,6,9
4588933,1,31,away,FC Augsburg,1,9,118.91,260,148,112,57.0,34.0,46.0,14,8,0,5
4588934,1,31,home,FC Schalke 04,1,7,120.88,270,176,94,65.0,27.0,50.0,14,6,1,1
4588934,1,31,away,Bayer 04 Leverkusen,1,15,116.84,719,616,103,86.0,73.0,50.0,7,13,3,9
4588940,1,32,home,Bor. Mönchengladbach,3,11,114.61,522,439,83,84.0,52.0,46.0,15,17,1,5
4588940,1,32,away,VfL Wolfsburg,0,12,115.04,476,397,79,83.0,48.0,54.0,17,13,1,3
4588942,1,32,home,Werder Bremen,0,6,118.1,439,331,108,75.0,40.0,47.0,9,13,1,0
4588942,1,32,away,Bayern München,1,13,115.43,659,561,98,85.0,60.0,53.0,13,8,5,10
4588943,1,32,home,SC Freiburg,2,19,117.53,401,324,77,81.0,50.0,49.0,6,15,1,5
4588943,1,32,away,Hertha BSC,1,11,115.96,409,336,73,82.0,50.0,51.0,16,6,2,5
4588945,1,32,home,1. FC Union Berlin,1,15,126.39,362,271,91,75.0,41.0,52.0,17,16,2,1
4588945,1,32,away,SC Paderborn 07,0,12,123.47,501,397,104,79.0,59.0,48.0,16,14,0,5
4588941,1,32,home,Eintracht Frankfurt,2,14,115.44,604,505,99,84.0,64.0,54.0,9,15,1,5
4588941,1,32,away,FC Schalke 04,1,7,115.28,335,248,87,74.0,36.0,46.0,16,9,7,3
4588937,1,32,home,Borussia Dortmund,0,16,111.08,742,656,86,88.0,70.0,53.0,14,12,1,7
4588937,1,32,away,1. FSV Mainz 05,2,10,119.87,321,240,81,75.0,30.0,47.0,13,14,0,1
4588938,1,32,home,RB Leipzig,2,14,120.27,731,640,91,88.0,72.0,46.0,7,6,4,5
4588938,1,32,away,Fortuna Düsseldorf,2,12,120.22,279,182,97,65.0,28.0,54.0,7,6,3,2
4588939,1,32,home,Bayer 04 Leverkusen,3,13,118.62,662,564,98,85.0,68.0,53.0,12,15,3,7
4588939,1,32,away,1. FC Köln,1,8,117.43,299,205,94,69.0,32.0,47.0,16,12,1,3
4588944,1,32,home,FC Augsburg,1,12,120.48,400,306,94,76.0,44.0,53.0,10,14,4,6
4588944,1,32,away,TSG Hoffenheim,3,16,119.82,507,418,89,82.0,56.0,47.0,14,9,1,4
4588946,1,33,home,Bayern München,3,23,118.08,633,548,85,87.0,61.0,55.0,13,7,1,8
4588946,1,33,away,SC Freiburg,1,11,120.1,398,317,81,80.0,39.0,45.0,8,12,2,2
4588947,1,33,home,RB Leipzig,0,16,121.31,550,480,70,87.0,47.0,52.0,13,6,0,4
4588947,1,33,away,Borussia Dortmund,2,11,116.27,640,550,90,86.0,53.0,48.0,7,12,3,1
4588948,1,33,home,TSG Hoffenheim,4,16,112.85,526,441,85,84.0,59.0,53.0,10,14,1,6
4588948,1,33,away,1. FC Union Berlin,0,7,111.81,365,278,87,76.0,41.0,47.0,15,10,1,4
4588949,1,33,home,Fortuna Düsseldorf,1,8,116.41,476,385,91,81.0,57.0,47.0,14,11,0,5
4588949,1,33,away,FC Augsburg,1,11,113.97,364,265,99,73.0,43.0,53.0,12,12,2,3
4588950,1,33,home,Hertha BSC,2,14,123.14,266,172,94,65.0,31.0,57.0,14,13,3,5
4588950,1,33,away,Bayer 04 Leverkusen,0,12,117.51,592,512,80,86.0,69.0,43.0,15,12,3,4
4588951,1,33,home,1. FSV Mainz 05,3,20,116.95,313,247,66,79.0,39.0,52.0,13,13,2,7
4588951,1,33,away,Werder Bremen,1,18,117.14,489,395,94,81.0,61.0,48.0,15,11,3,8
4588952,1,33,home,FC Schalke 04,1,11,108.41,372,301,71,81.0,49.0,52.0,12,16,0,2
4588952,1,33,away,VfL Wolfsburg,4,10,110.31,384,299,85,78.0,51.0,48.0,16,11,0,4
4588953,1,33,home,1. FC Köln,1,4,113.39,336,229,107,68.0,38.0,41.0,8,13,5,5
4588953,1,33,away,Eintracht Frankfurt,1,9,113.97,547,418,129,76.0,62.0,59.0,15,8,0,9
4588954,1,33,home,SC Paderborn 07,1,11,108.03,433,364,69,84.0,49.0,46.0,11,12,1,3
4588954,1,33,away,Bor. Mönchengladbach,3,22,110.53,456,395,61,87.0,51.0,54.0,13,10,4,5
4588641,2,1,home,VfB Stuttgart,2,14,120.38,576,493,83,86.0,64.0,46.0,14,15,0,4
4588641,2,1,away,Hannover 96,1,7,113.1,302,224,78,74.0,36.0,54.0,15,13,2,3
4588654,2,1,home,Dynamo Dresden,0,16,113.22,590,513,77,87.0,64.0,44.0,16,9,7,12
4588654,2,1,away,1. FC Nürnberg,1,5,114.07,333,259,74,78.0,36.0,56.0,9,16,6,1
4588648,2,1,home,Holstein Kiel,1,21,118.88,558,472,86,85.0,70.0,61.0,4,22,0,5
4588648,2,1,away,SV Sandhausen,1,15,113.36,230,153,77,67.0,30.0,39.0,22,4,0,7
4588656,2,1,home,VfL Osnabrück,1,9,113.36,346,255,91,74.0,42.0,49.0,13,14,0,6
4588656,2,1,away,1. FC Heidenheim,3,10,114.94,480,399,81,83.0,58.0,51.0,14,12,5,6
4588645,2,1,home,Hamburger SV,1,25,116.92,550,479,71,87.0,67.0,54.0,11,15,1,7
4588645,2,1,away,SV Darmstadt 98,1,9,115.21,270,205,65,76.0,33.0,46.0,16,11,1,2
4588653,2,1,home,Jahn Regensburg,3,19,120.88,278,177,101,64.0,39.0,48.0,15,9,2,5
4588653,2,1,away,VfL Bochum,1,14,119.28,448,344,104,77.0,61.0,52.0,10,14,1,3
4588655,2,1,home,SpVgg Greuther Fürth,0,24,114.11,404,315,89,78.0,62.0,53.0,11,17,2,9
4588655,2,1,away,Erzgebirge Aue,2,11,109.39,253,171,82,68.0,38.0,47.0,17,10,2,2
4588659,2,1,home,SV Wehen Wiesbaden,1,16,117.07,459,352,107,77.0,55.0,54.0,12,17,1,5
4588659,2,1,away,Karlsruher SC,2,13,115.65,378,261,117,69.0,45.0,46.0,17,9,3,4
4588652,2,1,home,Arminia Bielefeld,1,22,116.88,699,618,81,88.0,67.0,54.0,9,15,1,8
4588652,2,1,away,FC St. Pauli,1,5,117.02,355,263,92,74.0,33.0,46.0,15,8,1,0
4588672,2,2,home,VfL Bochum,3,18,118.77,529,445,84,84.0,53.0,59.0,7,15,0,4
4588672,2,2,away,Arminia Bielefeld,3,14,117.22,482,384,98,80.0,47.0,41.0,16,6,1,5
4588674,2,2,home,SV Sandhausen,0,13,111.88,533,430,103,81.0,66.0,50.0,15,8,8,5
4588674,2,2,away,VfL Osnabrück,1,16,118.45,280,181,99,65.0,34.0,50.0,9,15,0,2
4588670,2,2,home,FC St. Pauli,1,17,117.47,554,429,125,77.0,60.0,46.0,9,16,0,7
4588670,2,2,away,SpVgg Greuther Fürth,3,6,121.86,375,262,113,70.0,40.0,54.0,18,9,2,1
4588675,2,2,home,Karlsruher SC,4,13,117.58,248,152,96,61.0,29.0,54.0,9,14,3,4
4588675,2,2,away,Dynamo Dresden,2,15,116.52,622,529,93,85.0,71.0,46.0,14,9,4,6
4588667,2,2,home,Hannover 96,1,22,111.09,500,383,117,77.0,68.0,57.0,11,12,1,8
4588667,2,2,away,Jahn Regensburg,1,9,117.61,238,124,114,52.0,32.0,43.0,13,11,2,1
4588669,2,2,home,1. FC Heidenheim,2,15,119.8,304,221,83,73.0,34.0,52.0,8,12,2,3
4588669,2,2,away,VfB Stuttgart,2,23,118.67,621,535,86,86.0,66.0,48.0,12,8,3,10
4588671,2,2,home,SV Darmstadt 98,2,13,115.44,257,191,66,74.0,28.0,65.0,9,16,0,4
4588671,2,2,away,Holstein Kiel,0,22,120.15,643,576,67,90.0,72.0,35.0,16,9,5,15
4588673,2,2,home,Erzgebirge Aue,3,11,113.35,408,293,115,72.0,51.0,49.0,15,20,1,1
4588673,2,2,away,SV Wehen Wiesbaden,2,23,111.54,376,253,123,67.0,49.0,51.0,20,13,6,5
4588668,2,2,home,1. FC Nürnberg,0,8,116.13,459,367,92,80.0,51.0,38.0,13,6,3,4
4588668,2,2,away,Hamburger SV,4,15,120.71,457,363,94,79.0,49.0,62.0,7,13,7,3
4588965,2,3,home,Hamburger SV,1,14,119.64,578,485,93,84.0,60.0,54.0,8,16,2,14
4588965,2,3,away,VfL Bochum,0,7,116.12,389,308,81,79.0,40.0,46.0,16,8,1,0
4588970,2,3,home,SV Sandhausen,3,15,110.21,426,311,115,73.0,56.0,55.0,14,16,3,3
4588970,2,3,away,1. FC Nürnberg,2,11,113.14,338,203,135,60.0,44.0,45.0,16,14,1,6
4588964,2,3,home,VfB Stuttgart,2,17,119.21,572,491,81,86.0,68.0,55.0,11,17,2,4
4588964,2,3,away,FC St. Pauli,1,15,116.21,275,173,102,63.0,32.0,45.0,17,11,1,9
4588967,2,3,home,Arminia Bielefeld,3,12,114.67,523,439,84,84.0,59.0,50.0,17,16,1,9
4588967,2,3,away,Erzgebirge Aue,1,12,110.47,370,279,91,75.0,41.0,50.0,16,16,2,1
4588972,2,3,home,SV Wehen Wiesbaden,0,14,117.85,342,265,77,77.0,36.0,37.0,12,8,1,4
4588972,2,3,away,Hannover 96,3,11,114.12,611,529,82,87.0,64.0,63.0,8,10,3,6
4588966,2,3,home,Holstein Kiel,2,21,124.61,558,445,113,80.0,60.0,41.0,17,13,3,6
4588966,2,3,away,Karlsruher SC,1,14,118.47,349,228,121,65.0,40.0,59.0,16,15,0,3
4588968,2,3,home,Dynamo Dresden,2,16,109.82,543,474,69,87.0,60.0,53.0,11,15,1,5
4588968,2,3,away,1. FC Heidenheim,1,12,110.27,345,272,73,79.0,40.0,47.0,15,11,1,6
4588969,2,3,home,SpVgg Greuther Fürth,1,15,110.02,282,165,117,59.0,44.0,49.0,19,14,3,5
4588969,2,3,away,Jahn Regensburg,0,4,110.68,361,239,122,66.0,56.0,51.0,14,19,3,3
4588971,2,3,home,VfL Osnabrück,4,20,119.05,511,442,69,86.0,56.0,51.0,16,17,2,3
4588971,2,3,away,SV Darmstadt 98,0,8,112.82,391,313,78,80.0,44.0,49.0,19,16,2,6
4588978,2,4,home,SV Darmstadt 98,0,11,110.8,305,232,73,76.0,30.0,51.0,11,16,4,4
4588978,2,4,away,Dynamo Dresden,0,12,112.33,703,640,63,91.0,70.0,49.0,16,10,3,4
4588980,2,4,home,Erzgebirge Aue,0,11,115.56,250,183,67,73.0,26.0,42.0,12,9,0,2
4588980,2,4,away,VfB Stuttgart,0,12,111.55,699,639,60,91.0,74.0,58.0,11,12,7,7
4588973,2,4,home,Hannover 96,1,11,108.57,507,411,96,81.0,67.0,50.0,19,18,0,4
4588973,2,4,away,SpVgg Greuther Fürth,1,17,112.51,240,169,71,70.0,33.0,50.0,19,19,2,6
4588976,2,4,home,Jahn Regensburg,1,10,117.54,234,146,88,62.0,34.0,50.0,15,8,2,5
4588976,2,4,away,Arminia Bielefeld,3,13,114.1,488,392,96,80.0,66.0,50.0,9,14,2,7
4588979,2,4,home,VfL Bochum,3,22,118.91,515,418,97,81.0,68.0,49.0,13,9,5,7
4588979,2,4,away,SV Wehen Wiesbaden,3,16,117.23,255,157,98,62.0,32.0,51.0,10,12,3,3
4588974,2,4,home,1. FC Nürnberg,1,16,118.08,391,309,82,79.0,52.0,45.0,16,8,2,14
4588974,2,4,away,VfL Osnabrück,0,7,117.02,380,294,86,77.0,48.0,55.0,9,15,9,1
4588975,2,4,home,1. FC Heidenheim,0,14,114.38,427,332,95,78.0,53.0,59.0,10,8,1,8
4588975,2,4,away,SV Sandhausen,2,14,112.0,387,287,100,74.0,47.0,41.0,8,9,7,5
4588981,2,4,home,Karlsruher SC,2,22,110.18,302,231,71,76.0,42.0,56.0,11,13,1,5
4588981,2,4,away,Hamburger SV,4,15,116.05,460,387,73,84.0,58.0,44.0,14,10,2,2
4588977,2,4,home,FC St. Pauli,2,11,114.51,415,305,110,73.0,45.0,42.0,14,7,4,6
4588977,2,4,away,Holstein Kiel,1,13,119.35,503,392,111,78.0,55.0,58.0,7,14,5,6
4588983,2,5,home,1. FC Nürnberg,2,27,117.11,384,299,85,78.0,44.0,54.0,9,9,3,8
4588983,2,5,away,1. FC Heidenheim,2,7,118.47,476,386,90,81.0,56.0,46.0,10,9,3,7
4588988,2,5,home,SV Sandhausen,1,17,110.35,425,348,77,82.0,56.0,54.0,21,12,1,7
4588988,2,5,away,SV Darmstadt 98,0,15,107.26,323,244,79,76.0,44.0,46.0,12,20,2,7
4588986,2,5,home,Arminia Bielefeld,2,21,112.13,438,346,92,79.0,58.0,47.0,13,13,2,10
4588986,2,5,away,SpVgg Greuther Fürth,2,12,109.84,323,246,77,76.0,42.0,53.0,13,13,2,3
4588987,2,5,home,Dynamo Dresden,3,14,113.7,509,434,75,85.0,58.0,54.0,10,18,1,4
4588987,2,5,away,FC St. Pauli,3,7,112.85,366,274,92,75.0,42.0,46.0,18,7,0,9
4588990,2,5,home,SV Wehen Wiesbaden,0,11,109.25,328,205,123,62.0,46.0,49.0,12,8,0,7
4588990,2,5,away,Jahn Regensburg,5,14,111.5,396,289,107,73.0,54.0,51.0,9,12,5,5
4588984,2,5,home,Hamburger SV,3,18,114.82,432,348,84,81.0,53.0,47.0,11,18,4,4
4588984,2,5,away,Hannover 96,0,9,109.95,388,310,78,80.0,47.0,53.0,19,11,1,3
4588985,2,5,home,Holstein Kiel,1,12,117.14,412,315,97,76.0,52.0,52.0,12,12,7,6
4588985,2,5,away,Erzgebirge Aue,1,21,116.43,374,282,92,75.0,48.0,48.0,13,11,2,8
4588989,2,5,home,VfL Osnabrück,3,19,113.28,417,326,91,78.0,57.0,47.0,19,16,1,8
4588989,2,5,away,Karlsruher SC,0,10,108.78,305,196,109,64.0,43.0,53.0,16,19,3,6
4588982,2,5,home,VfB Stuttgart,2,17,122.98,587,483,104,82.0,66.0,53.0,7,6,8,3
4588982,2,5,away,VfL Bochum,1,12,125.85,305,206,99,68.0,34.0,47.0,6,7,3,6
4588997,2,6,home,SpVgg Greuther Fürth,2,21,113.62,503,424,79,84.0,65.0,55.0,9,19,1,8
4588997,2,6,away,SV Wehen Wiesbaden,1,11,112.27,252,170,82,67.0,35.0,45.0,20,8,2,6
4588999,2,6,home,Karlsruher SC,1,15,110.88,294,195,99,66.0,39.0,51.0,13,12,2,7
4588999,2,6,away,SV Sandhausen,0,18,107.35,474,369,105,78.0,61.0,49.0,14,12,2,6
4588991,2,6,home,Hannover 96,0,12,113.7,441,367,74,83.0,47.0,47.0,14,15,0,6
4588991,2,6,away,Arminia Bielefeld,2,7,118.23,506,424,82,84.0,53.0,53.0,15,13,0,2
4588992,2,6,home,1. FC Heidenheim,3,14,115.8,411,330,81,80.0,46.0,52.0,13,11,0,5
4588992,2,6,away,Holstein Kiel,0,13,113.55,463,393,70,85.0,54.0,48.0,12,12,2,8
4588993,2,6,home,Jahn Regensburg,2,15,119.95,212,131,81,62.0,30.0,38.0,25,9,1,7
4588993,2,6,away,VfB Stuttgart,3,25,114.5,531,453,78,85.0,70.0,62.0,11,23,1,12
4588995,2,6,home,SV Darmstadt 98,3,12,110.12,400,329,71,82.0,55.0,39.0,20,10,3,5
4588995,2,6,away,1. FC Nürnberg,3,27,111.75,332,248,84,75.0,45.0,61.0,10,19,0,8
4588996,2,6,home,VfL Bochum,2,22,115.09,443,334,109,75.0,55.0,63.0,11,15,3,7
4588996,2,6,away,Dynamo Dresden,2,8,114.6,381,263,118,69.0,45.0,37.0,16,11,2,1
4588998,2,6,home,Erzgebirge Aue,1,24,110.85,328,241,87,73.0,41.0,44.0,18,14,2,5
4588998,2,6,away,VfL Osnabrück,0,15,111.54,487,395,92,81.0,59.0,56.0,16,16,2,4
4588994,2,6,home,FC St. Pauli,2,10,120.24,321,235,86,73.0,37.0,47.0,10,9,1,4
4588994,2,6,away,Hamburger SV,0,14,120.05,549,466,83,85.0,63.0,53.0,10,10,2,8
4589003,2,7,home,1. FC Heidenheim,1,9,123.79,492,408,84,83.0,47.0,45.0,11,12,1,6
4589003,2,7,away,SV Darmstadt 98,0,13,117.89,556,460,96,83.0,53.0,55.0,12,11,1,4
4589004,2,7,home,Holstein Kiel,1,10,115.83,423,327,96,77.0,49.0,45.0,16,15,3,5
4589004,2,7,away,Hannover 96,2,10,115.84,460,344,116,75.0,51.0,55.0,15,16,1,1
4589000,2,7,home,VfB Stuttgart,2,16,111.96,369,278,91,75.0,45.0,45.0,20,13,1,3
4589000,2,7,away,SpVgg Greuther Fürth,0,15,111.34,446,347,99,78.0,55.0,55.0,14,20,1,3
4589001,2,7,home,1. FC Nürnberg,1,16,112.59,548,438,110,80.0,62.0,43.0,13,13,1,1
4589001,2,7,away,Karlsruher SC,1,15,111.54,306,196,110,64.0,38.0,57.0,14,12,0,8
4589006,2,7,home,SV Sandhausen,1,21,111.51,332,227,105,68.0,46.0,51.0,15,12,2,5
4589006,2,7,away,VfL Bochum,1,14,113.9,407,290,117,71.0,54.0,49.0,13,15,1,6
4589008,2,7,home,SV Wehen Wiesbaden,2,12,112.24,300,222,78,74.0,33.0,45.0,13,11,3,4
4589008,2,7,away,Arminia Bielefeld,5,10,115.35,635,556,79,88.0,67.0,55.0,11,13,6,2
4589002,2,7,home,Hamburger SV,4,9,108.93,549,488,61,89.0,62.0,54.0,6,14,2,5
4589002,2,7,away,Erzgebirge Aue,0,9,109.34,330,263,67,80.0,38.0,46.0,14,6,0,3
4589005,2,7,home,Dynamo Dresden,2,10,109.63,407,313,94,77.0,58.0,56.0,18,17,4,4
4589005,2,7,away,Jahn Regensburg,1,18,112.5,288,202,86,70.0,42.0,44.0,19,18,0,5
4589007,2,7,home,VfL Osnabrück,1,16,111.18,436,363,73,83.0,57.0,53.0,16,16,4,5
4589007,2,7,away,FC St. Pauli,1,13,107.89,328,253,75,77.0,43.0,47.0,17,16,3,8
4589010,2,8,home,Arminia Bielefeld,0,11,117.54,319,217,102,68.0,32.0,47.0,13,5,2,2
4589010,2,8,away,VfB Stuttgart,1,12,119.66,674,574,100,85.0,68.0,53.0,5,12,5,4
4589017,2,8,home,SV Wehen Wiesbaden,2,15,117.27,254,155,99,61.0,29.0,42.0,20,8,1,3
4589017,2,8,away,VfL Osnabrück,0,6,116.88,631,520,111,82.0,71.0,58.0,9,20,4,1
4589011,2,8,home,Jahn Regensburg,2,9,115.94,260,179,81,69.0,37.0,48.0,24,11,4,4
4589011,2,8,away,Hamburger SV,2,13,114.71,454,368,86,81.0,63.0,52.0,12,23,0,8
4589013,2,8,home,VfL Bochum,2,16,113.26,399,286,113,72.0,49.0,50.0,20,13,3,5
4589013,2,8,away,SV Darmstadt 98,2,10,110.58,403,291,112,72.0,51.0,50.0,15,19,3,4
4589016,2,8,home,Karlsruher SC,1,19,112.38,242,163,79,67.0,30.0,53.0,11,12,0,7
4589016,2,8,away,1. FC Heidenheim,1,9,114.32,584,501,83,86.0,70.0,47.0,12,11,1,8
4589012,2,8,home,FC St. Pauli,2,20,113.82,434,340,94,78.0,53.0,53.0,14,18,1,7
4589012,2,8,away,SV Sandhausen,0,18,111.11,381,289,92,76.0,47.0,47.0,19,13,4,5
4589014,2,8,home,SpVgg Greuther Fürth,0,6,110.5,403,303,100,75.0,49.0,45.0,14,13,3,3
4589014,2,8,away,Holstein Kiel,3,18,109.15,410,304,106,74.0,51.0,55.0,13,13,6,5
4589015,2,8,home,Erzgebirge Aue,4,13,104.72,245,178,67,73.0,38.0,47.0,14,10,1,5
4589015,2,8,away,Dynamo Dresden,1,9,99.45,392,326,66,83.0,62.0,53.0,10,14,2,11
4589009,2,8,home,Hannover 96,0,10,106.73,655,546,109,83.0,77.0,57.0,9,15,2,6
4589009,2,8,away,1. FC Nürnberg,4,9,106.31,192,101,91,53.0,23.0,43.0,15,7,2,1
4589018,2,9,home,VfB Stuttgart,1,29,117.01,828,747,81,90.0,85.0,46.0,11,9,3,8
4589018,2,9,away,SV Wehen Wiesbaden,2,6,115.65,151,68,83,45.0,15.0,54.0,11,10,1,1
4589023,2,9,home,SV Darmstadt 98,1,23,115.63,563,462,101,82.0,64.0,48.0,4,8,3,11
4589023,2,9,away,Karlsruher SC,1,9,113.79,321,216,105,67.0,36.0,52.0,11,4,2,3
4589020,2,9,home,Hamburger SV,2,23,117.35,480,385,95,80.0,62.0,59.0,9,17,2,12
4589020,2,9,away,SpVgg Greuther Fürth,0,12,117.16,307,216,91,70.0,38.0,41.0,17,9,2,3
4589024,2,9,home,Dynamo Dresden,0,10,110.34,459,364,95,79.0,51.0,54.0,8,17,1,3
4589024,2,9,away,Hannover 96,2,19,111.35,449,356,93,79.0,49.0,46.0,17,8,0,5
4589025,2,9,home,SV Sandhausen,2,20,106.62,381,279,102,73.0,55.0,57.0,11,17,0,13
4589025,2,9,away,Erzgebirge Aue,2,12,106.61,312,241,71,77.0,45.0,43.0,17,10,4,6
4589019,2,9,home,1. FC Nürnberg,1,23,114.79,441,330,111,75.0,52.0,46.0,12,9,3,8
4589019,2,9,away,FC St. Pauli,1,9,112.62,417,313,104,75.0,48.0,54.0,9,12,2,2
4589021,2,9,home,1. FC Heidenheim,2,20,118.58,587,486,101,83.0,65.0,50.0,13,14,1,11
4589021,2,9,away,VfL Bochum,3,8,119.05,324,231,93,71.0,35.0,50.0,16,13,3,0
4589022,2,9,home,Holstein Kiel,1,18,118.46,499,382,117,77.0,60.0,49.0,11,10,2,11
4589022,2,9,away,Jahn Regensburg,2,7,122.31,331,225,106,68.0,40.0,51.0,11,11,1,4
4589026,2,9,home,VfL Osnabrück,0,6,120.72,332,241,91,73.0,35.0,48.0,10,15,1,5
4589026,2,9,away,Arminia Bielefeld,1,15,119.99,618,537,81,87.0,65.0,52.0,16,9,2,8
4589033,2,10,home,SpVgg Greuther Fürth,2,11,122.09,375,287,88,77.0,40.0,53.0,12,17,1,3
4589033,2,10,away,Dynamo Dresden,0,10,117.74,581,482,99,83.0,60.0,47.0,18,11,4,0
4589034,2,10,home,Erzgebirge Aue,4,9,109.38,464,373,91,80.0,57.0,53.0,15,14,3,2
4589034,2,10,away,1. FC Nürnberg,3,17,104.51,340,263,77,77.0,43.0,47.0,15,15,1,5
4589030,2,10,home,Jahn Regensburg,1,7,115.75,331,212,119,64.0,50.0,57.0,10,20,0,7
4589030,2,10,away,SV Sandhausen,0,15,112.27,328,220,108,67.0,50.0,43.0,23,10,0,5
4589031,2,10,home,FC St. Pauli,0,20,111.59,526,436,90,83.0,62.0,50.0,16,13,3,10
4589031,2,10,away,SV Darmstadt 98,1,16,112.15,322,221,101,69.0,38.0,50.0,13,14,2,6
4589035,2,10,home,SV Wehen Wiesbaden,0,9,108.04,314,214,100,68.0,34.0,40.0,14,8,1,7
4589035,2,10,away,1. FC Heidenheim,0,10,112.19,622,529,93,85.0,66.0,60.0,8,14,2,7
4589027,2,10,home,VfB Stuttgart,0,19,111.13,567,494,73,87.0,62.0,49.0,12,9,0,7
4589027,2,10,away,Holstein Kiel,1,12,115.85,347,267,80,77.0,38.0,51.0,10,12,3,1
4589028,2,10,home,Hannover 96,0,20,112.01,604,510,94,84.0,72.0,55.0,9,13,1,6
4589028,2,10,away,VfL Osnabrück,0,9,114.3,238,155,83,65.0,28.0,45.0,14,9,1,3
4589032,2,10,home,VfL Bochum,3,18,110.08,458,374,84,82.0,59.0,48.0,15,11,1,5
4589032,2,10,away,Karlsruher SC,3,17,102.35,306,214,92,70.0,41.0,52.0,11,14,1,7
4589029,2,10,home,Arminia Bielefeld,1,14,119.76,512,432,80,84.0,56.0,53.0,11,5,2,6
4589029,2,10,away,Hamburger SV,1,15,121.18,409,334,75,82.0,44.0,47.0,5,9,1,4
4589039,2,11,home,Holstein Kiel,2,14,116.19,417,308,109,74.0,48.0,54.0,10,21,1,7
4589039,2,11,away,VfL Bochum,1,11,116.11,441,341,100,77.0,52.0,46.0,21,8,0,2
4589040,2,11,home,SV Darmstadt 98,1,8,116.02,596,509,87,85.0,58.0,49.0,11,8,1,3
4589040,2,11,away,Erzgebirge Aue,0,10,115.18,424,331,93,78.0,42.0,51.0,9,9,1,4
4589037,2,11,home,Hamburger SV,6,15,117.32,331,251,80,76.0,36.0,51.0,12,14,1,3
4589037,2,11,away,VfB Stuttgart,2,14,113.45,605,533,72,88.0,64.0,49.0,15,9,2,4
4589041,2,11,home,Dynamo Dresden,0,5,117.63,494,408,86,83.0,50.0,48.0,13,10,1,0
4589041,2,11,away,Arminia Bielefeld,1,14,117.77,495,420,75,85.0,50.0,52.0,11,13,2,8
4589044,2,11,home,Karlsruher SC,3,19,112.81,344,235,109,68.0,49.0,54.0,16,16,3,5
4589044,2,11,away,Hannover 96,3,12,114.64,381,282,99,74.0,51.0,46.0,18,15,1,3
4589036,2,11,home,1. FC Nürnberg,1,14,117.16,419,302,117,72.0,51.0,54.0,11,12,5,7
4589036,2,11,away,Jahn Regensburg,1,14,122.14,401,283,118,71.0,49.0,46.0,13,10,2,3
4589038,2,11,home,1. FC Heidenheim,1,13,117.35,424,345,79,81.0,48.0,48.0,15,14,2,7
4589038,2,11,away,FC St. Pauli,0,15,116.32,480,401,79,84.0,52.0,52.0,14,14,0,2
4589043,2,11,home,VfL Osnabrück,0,12,114.96,269,177,92,66.0,38.0,48.0,22,17,3,2
4589043,2,11,away,SpVgg Greuther Fürth,0,15,114.67,459,371,88,81.0,62.0,52.0,18,21,3,4
4589042,2,11,home,SV Sandhausen,0,11,106.74,479,358,121,75.0,54.0,58.0,9,12,5,3
4589042,2,11,away,SV Wehen Wiesbaden,0,7,112.22,406,286,120,70.0,46.0,42.0,13,9,2,5
4589046,2,12,home,Hannover 96,1,15,117.57,478,351,127,73.0,55.0,48.0,17,9,2,0
4589046,2,12,away,SV Sandhausen,1,17,115.64,380,275,105,72.0,45.0,52.0,10,15,4,7
4589048,2,12,home,Jahn Regensburg,3,17,119.45,344,225,119,65.0,47.0,51.0,19,12,3,3
4589048,2,12,away,VfL Osnabrück,3,19,120.07,391,272,119,70.0,53.0,49.0,12,19,2,6
4589049,2,12,home,FC St. Pauli,2,19,109.18,467,358,109,77.0,57.0,52.0,11,16,1,3
4589049,2,12,away,Karlsruher SC,2,14,108.82,344,240,104,70.0,43.0,48.0,16,11,2,5
4589051,2,12,home,SpVgg Greuther Fürth,3,19,115.12,431,360,71,84.0,52.0,50.0,17,12,4,6
4589051,2,12,away,SV Darmstadt 98,1,14,110.95,394,305,89,77.0,48.0,50.0,12,16,4,3
4589052,2,12,home,Erzgebirge Aue,1,10,109.4,313,226,87,72.0,44.0,48.0,17,19,1,4
4589052,2,12,away,1. FC Heidenheim,1,14,110.99,395,310,85,78.0,56.0,52.0,19,16,2,4
4589045,2,12,home,VfB Stuttgart,3,16,116.94,566,471,95,83.0,59.0,51.0,11,11,3,6
4589045,2,12,away,Dynamo Dresden,1,10,113.17,385,302,83,78.0,41.0,49.0,11,10,2,1
4589047,2,12,home,Arminia Bielefeld,2,9,120.77,402,306,96,76.0,42.0,50.0,9,9,1,5
4589047,2,12,away,Holstein Kiel,1,15,115.38,538,453,85,84.0,58.0,50.0,12,9,2,4
4589053,2,12,home,SV Wehen Wiesbaden,1,9,109.15,253,154,99,61.0,30.0,47.0,18,4,0,6
4589053,2,12,away,Hamburger SV,1,20,113.68,628,529,99,84.0,70.0,53.0,5,18,3,8
4589050,2,12,home,VfL Bochum,3,11,117.02,419,331,88,79.0,51.0,47.0,11,16,1,3
4589050,2,12,away,1. FC Nürnberg,1,12,114.63,400,302,98,76.0,49.0,53.0,17,11,4,7
4589057,2,13,home,FC St. Pauli,1,14,112.64,390,291,99,75.0,46.0,47.0,15,10,1,12
4589057,2,13,away,VfL Bochum,1,11,112.31,471,370,101,79.0,54.0,53.0,10,13,0,3
4589059,2,13,home,Dynamo Dresden,1,12,114.06,488,361,127,74.0,58.0,50.0,18,18,5,4
4589059,2,13,away,SV Wehen Wiesbaden,0,8,119.1,350,218,132,62.0,42.0,50.0,18,18,1,1
4589056,2,13,home,Holstein Kiel,1,9,111.85,409,324,85,79.0,47.0,43.0,12,9,1,2
4589056,2,13,away,Hamburger SV,1,11,109.34,462,379,83,82.0,53.0,57.0,9,11,3,7
4589060,2,13,home,SV Sandhausen,3,23,109.07,325,233,92,72.0,51.0,57.0,19,18,0,6
4589060,2,13,away,SpVgg Greuther Fürth,2,8,111.69,333,227,106,68.0,49.0,43.0,19,19,2,4
4589061,2,13,home,VfL Osnabrück,1,12,116.82,217,132,85,61.0,27.0,51.0,11,21,2,1
4589061,2,13,away,VfB Stuttgart,0,21,114.44,600,519,81,86.0,73.0,49.0,22,10,2,7
4589054,2,13,home,1. FC Nürnberg,1,14,116.2,476,393,83,83.0,50.0,44.0,12,8,1,8
4589054,2,13,away,Arminia Bielefeld,5,10,119.39,493,418,75,85.0,50.0,56.0,9,12,2,1
4589055,2,13,home,1. FC Heidenheim,4,18,116.18,401,336,65,84.0,41.0,51.0,12,6,2,4
4589055,2,13,away,Hannover 96,0,10,106.97,586,512,74,87.0,59.0,49.0,6,11,1,4
4589058,2,13,home,SV Darmstadt 98,2,27,113.93,456,340,116,75.0,60.0,49.0,14,11,3,9
4589058,2,13,away,Jahn Regensburg,2,8,114.71,304,175,129,58.0,40.0,51.0,12,13,4,1
4589062,2,13,home,Karlsruher SC,1,30,112.98,600,518,82,86.0,69.0,62.0,11,10,2,9
4589062,2,13,away,Erzgebirge Aue,1,9,110.66,275,179,96,65.0,31.0,38.0,12,10,0,4
4589068,2,14,home,VfL Bochum,1,16,114.26,325,222,103,68.0,46.0,51.0,19,7,2,4
4589068,2,14,away,VfL Osnabrück,1,22,114.7,369,277,92,75.0,54.0,49.0,8,19,1,7
4589070,2,14,home,Erzgebirge Aue,3,13,117.12,463,372,91,80.0,46.0,52.0,10,11,3,5
4589070,2,14,away,FC St. Pauli,1,14,114.92,540,465,75,86.0,54.0,48.0,12,10,0,9
4589065,2,14,home,Hamburger SV,2,19,120.15,524,444,80,85.0,57.0,56.0,10,13,5,7
4589065,2,14,away,Dynamo Dresden,1,11,113.57,394,303,91,77.0,43.0,44.0,13,9,3,2
4589066,2,14,home,Arminia Bielefeld,1,13,118.09,490,399,91,81.0,59.0,50.0,9,11,1,3
4589066,2,14,away,SV Sandhausen,1,17,115.22,333,237,96,71.0,41.0,50.0,12,8,2,7
4589071,2,14,home,SV Wehen Wiesbaden,3,20,121.78,394,286,108,73.0,44.0,45.0,11,7,1,8
4589071,2,14,away,Holstein Kiel,6,13,120.94,505,378,127,75.0,56.0,55.0,7,10,6,6
4589063,2,14,home,VfB Stuttgart,3,18,116.57,541,437,104,81.0,64.0,58.0,15,22,1,8
4589063,2,14,away,Karlsruher SC,0,8,115.83,302,183,119,61.0,36.0,42.0,22,13,1,5
4589067,2,14,home,Jahn Regensburg,3,21,114.35,313,217,96,69.0,48.0,49.0,14,12,2,2
4589067,2,14,away,1. FC Heidenheim,1,9,111.59,337,237,100,70.0,52.0,51.0,14,14,1,3
4589069,2,14,home,SpVgg Greuther Fürth,0,13,109.32,413,326,87,79.0,60.0,62.0,10,16,3,9
4589069,2,14,away,1. FC Nürnberg,0,15,108.72,274,169,105,62.0,40.0,38.0,17,9,3,8
4589064,2,14,home,Hannover 96,1,18,112.19,475,376,99,79.0,64.0,56.0,16,18,0,7
4589064,2,14,away,SV Darmstadt 98,2,10,111.95,276,164,112,59.0,36.0,44.0,18,16,3,4
4589079,2,15,home,VfL Osnabrück,2,19,119.06,305,208,97,68.0,38.0,49.0,7,5,3,5
4589079,2,15,away,Hamburger SV,1,19,118.64,508,406,102,80.0,62.0,51.0,6,6,1,8
4589080,2,15,home,Karlsruher SC,4,19,117.44,322,197,125,61.0,41.0,50.0,17,12,4,6
4589080,2,15,away,Jahn Regensburg,1,15,121.63,455,333,122,73.0,59.0,50.0,12,14,4,4
4589072,2,15,home,1. FC Nürnberg,0,24,117.78,587,452,135,77.0,66.0,50.0,13,11,2,5
4589072,2,15,away,SV Wehen Wiesbaden,2,5,119.19,301,171,130,57.0,34.0,50.0,12,12,3,2
4589074,2,15,home,FC St. Pauli,0,9,113.74,446,321,125,72.0,57.0,55.0,18,19,3,4
4589074,2,15,away,Hannover 96,1,8,117.03,348,226,122,65.0,43.0,45.0,19,16,1,2
4589076,2,15,home,VfL Bochum,2,16,114.05,547,451,96,82.0,65.0,57.0,13,17,9,2
4589076,2,15,away,Erzgebirge Aue,0,11,111.74,282,183,99,65.0,35.0,43.0,18,13,0,2
4589077,2,15,home,Dynamo Dresden,1,9,117.27,495,378,117,76.0,54.0,46.0,21,11,3,4
4589077,2,15,away,Holstein Kiel,2,8,118.0,436,320,116,73.0,46.0,54.0,11,19,1,4
4589073,2,15,home,1. FC Heidenheim,1,14,118.3,315,207,108,66.0,41.0,54.0,13,12,1,4
4589073,2,15,away,SpVgg Greuther Fürth,0,20,116.24,438,351,87,80.0,59.0,46.0,14,12,2,10
4589075,2,15,home,SV Darmstadt 98,1,17,118.39,398,303,95,76.0,39.0,56.0,5,11,2,4
4589075,2,15,away,Arminia Bielefeld,3,11,122.98,634,532,102,84.0,61.0,44.0,11,5,0,7
4589078,2,15,home,SV Sandhausen,2,16,113.53,198,111,87,56.0,27.0,53.0,15,10,0,6
4589078,2,15,away,VfB Stuttgart,1,29,114.82,543,470,73,87.0,73.0,47.0,10,13,4,15
4589083,2,16,home,Hamburger SV,0,16,121.66,738,659,79,89.0,76.0,49.0,6,11,0,8
4589083,2,16,away,1. FC Heidenheim,1,9,124.62,236,145,91,61.0,24.0,51.0,13,6,1,1
4589085,2,16,home,Arminia Bielefeld,2,23,115.63,622,530,92,85.0,72.0,56.0,9,11,0,10
4589085,2,16,away,Karlsruher SC,2,8,114.59,235,146,89,62.0,28.0,44.0,11,9,2,7
4589082,2,16,home,Hannover 96,3,22,109.5,369,281,88,76.0,54.0,44.0,24,10,2,14
4589082,2,16,away,Erzgebirge Aue,2,11,109.13,324,227,97,70.0,46.0,56.0,11,24,2,3
4589084,2,16,home,Holstein Kiel,2,14,111.49,516,443,73,86.0,64.0,51.0,12,14,0,5
4589084,2,16,away,VfL Osnabrück,4,12,118.31,295,213,82,72.0,36.0,49.0,15,12,4,3
4589088,2,16,home,SpVgg Greuther Fürth,3,17,115.12,350,252,98,72.0,44.0,45.0,16,14,2,1
4589088,2,16,away,VfL Bochum,1,9,111.47,445,318,127,71.0,56.0,55.0,14,16,1,2
4589086,2,16,home,Jahn Regensburg,1,15,118.64,414,318,96,77.0,54.0,53.0,18,8,2,7
4589086,2,16,away,FC St. Pauli,0,12,113.63,357,249,108,70.0,46.0,47.0,8,18,0,7
4589087,2,16,home,Dynamo Dresden,1,16,107.13,319,202,117,63.0,43.0,54.0,14,13,1,5
4589087,2,16,away,SV Sandhausen,1,18,109.23,424,320,104,75.0,57.0,46.0,15,12,3,4
4589089,2,16,home,SV Wehen Wiesbaden,0,14,113.43,424,324,100,76.0,47.0,55.0,11,7,3,5
4589089,2,16,away,SV Darmstadt 98,0,14,109.28,476,387,89,81.0,53.0,45.0,8,10,0,5
4589081,2,16,home,VfB Stuttgart,3,13,124.1,767,654,113,85.0,74.0,52.0,10,12,1,7
4589081,2,16,away,1. FC Nürnberg,1,8,123.06,255,136,119,53.0,26.0,48.0,13,9,0,3
4589094,2,17,home,VfL Bochum,2,12,116.1,361,241,120,67.0,45.0,45.0,18,12,2,6
4589094,2,17,away,Hannover 96,1,24,116.18,436,317,119,73.0,55.0,55.0,13,18,3,9
4589095,2,17,home,Erzgebirge Aue,1,10,116.91,322,210,112,65.0,42.0,48.0,10,18,2,4
4589095,2,17,away,Jahn Regensburg,0,13,118.04,434,319,115,74.0,58.0,52.0,18,10,0,6
4589091,2,17,home,1. FC Heidenheim,0,12,123.47,427,340,87,80.0,40.0,49.0,6,9,1,2
4589091,2,17,away,Arminia Bielefeld,0,14,119.1,625,545,80,87.0,60.0,51.0,10,6,0,7
4589092,2,17,home,FC St. Pauli,3,12,115.65,557,460,97,83.0,59.0,49.0,5,8,1,3
4589092,2,17,away,SV Wehen Wiesbaden,1,6,116.15,366,262,104,72.0,41.0,51.0,12,4,1,4
4589098,2,17,home,Karlsruher SC,1,16,107.59,347,232,115,67.0,46.0,50.0,16,15,0,8
4589098,2,17,away,SpVgg Greuther Fürth,5,15,114.31,439,324,115,74.0,54.0,50.0,16,16,3,1
4589090,2,17,home,1. FC Nürnberg,2,11,121.1,286,191,95,67.0,33.0,55.0,16,15,1,3
4589090,2,17,away,Holstein Kiel,2,13,118.76,586,498,88,85.0,67.0,45.0,16,15,1,4
4589096,2,17,home,SV Sandhausen,1,12,113.07,324,227,97,70.0,40.0,57.0,9,10,2,5
4589096,2,17,away,Hamburger SV,1,24,117.31,502,389,113,77.0,60.0,43.0,11,9,1,6
4589097,2,17,home,VfL Osnabrück,3,18,114.52,523,427,96,82.0,56.0,53.0,9,15,0,3
4589097,2,17,away,Dynamo Dresden,0,4,108.12,406,302,104,74.0,44.0,47.0,15,7,1,1
4589093,2,17,home,SV Darmstadt 98,1,11,118.54,313,214,99,68.0,33.0,56.0,6,15,1,5
4589093,2,17,away,VfB Stuttgart,1,18,118.97,634,548,86,86.0,67.0,44.0,15,6,5,10
4589100,2,18,home,1. FC Nürnberg,2,15,116.61,391,292,99,75.0,48.0,47.0,12,11,0,7
4589100,2,18,away,Dynamo Dresden,0,8,114.68,445,327,118,73.0,52.0,53.0,11,12,0,5
4589107,2,18,home,Karlsruher SC,0,17,116.63,371,218,153,59.0,49.0,62.0,7,19,4,8
4589107,2,18,away,SV Wehen Wiesbaden,1,9,116.75,423,279,144,66.0,51.0,38.0,19,7,0,1
4589099,2,18,home,Hannover 96,2,17,119.41,357,237,120,66.0,46.0,59.0,18,15,1,8
4589099,2,18,away,VfB Stuttgart,2,16,116.38,424,331,93,78.0,54.0,41.0,17,15,3,4
4589102,2,18,home,FC St. Pauli,3,9,109.73,346,222,124,64.0,41.0,52.0,9,5,0,5
4589102,2,18,away,Arminia Bielefeld,0,21,111.77,505,382,123,76.0,59.0,48.0,5,9,0,5
4589103,2,18,home,SV Darmstadt 98,2,10,115.74,320,243,77,76.0,39.0,46.0,18,12,3,2
4589103,2,18,away,Hamburger SV,2,16,118.03,486,409,77,84.0,61.0,54.0,12,18,3,4
4589105,2,18,home,Erzgebirge Aue,3,16,113.03,247,162,85,66.0,34.0,56.0,13,20,2,2
4589105,2,18,away,SpVgg Greuther Fürth,1,10,110.97,504,414,90,82.0,66.0,44.0,20,12,3,4
4589101,2,18,home,1. FC Heidenheim,3,14,120.35,409,326,83,80.0,50.0,55.0,15,4,3,6
4589101,2,18,away,VfL Osnabrück,1,12,114.41,416,344,72,83.0,50.0,45.0,4,15,4,7
4589104,2,18,home,VfL Bochum,2,21,112.89,451,338,113,75.0,66.0,55.0,11,12,2,11
4589104,2,18,away,Jahn Regensburg,3,13,112.19,238,134,104,56.0,34.0,45.0,13,11,1,6
4589106,2,18,home,SV Sandhausen,2,15,113.0,410,312,98,76.0,53.0,55.0,12,11,3,11
4589106,2,18,away,Holstein Kiel,2,17,113.74,377,278,99,74.0,47.0,45.0,11,11,3,3
4589111,2,19,home,Arminia Bielefeld,2,18,123.84,476,368,108,77.0,54.0,46.0,11,13,1,6
4589111,2,19,away,VfL Bochum,0,6,117.83,420,303,117,72.0,46.0,54.0,13,11,3,3
4589112,2,19,home,Jahn Regensburg,1,11,119.74,294,168,126,57.0,40.0,57.0,10,16,3,8
4589112,2,19,away,Hannover 96,0,9,118.16,436,311,125,71.0,60.0,43.0,17,10,2,6
4589114,2,19,home,SpVgg Greuther Fürth,3,23,118.92,418,329,89,79.0,50.0,54.0,14,13,2,6
4589114,2,19,away,FC St. Pauli,0,11,112.84,400,301,99,75.0,50.0,46.0,14,14,0,10
4589116,2,19,home,SV Wehen Wiesbaden,1,8,112.86,308,212,96,69.0,34.0,41.0,17,7,4,6
4589116,2,19,away,Erzgebirge Aue,0,16,116.24,591,498,93,84.0,66.0,59.0,9,16,6,1
4589108,2,19,home,VfB Stuttgart,3,12,115.67,577,471,106,82.0,58.0,51.0,9,12,1,3
4589108,2,19,away,1. FC Heidenheim,0,9,116.76,408,306,102,75.0,42.0,49.0,12,9,1,5
4589110,2,19,home,Holstein Kiel,1,22,120.71,503,414,89,82.0,58.0,56.0,6,16,0,5
4589110,2,19,away,SV Darmstadt 98,1,6,119.21,374,263,111,70.0,42.0,44.0,17,5,0,1
4589113,2,19,home,Dynamo Dresden,1,11,121.22,563,458,105,81.0,56.0,54.0,12,12,2,4
4589113,2,19,away,Karlsruher SC,0,9,120.55,428,332,96,78.0,44.0,46.0,14,11,1,2
4589115,2,19,home,VfL Osnabrück,1,9,110.02,321,213,108,66.0,41.0,51.0,10,19,1,1
4589115,2,19,away,SV Sandhausen,3,18,113.69,456,356,100,78.0,59.0,49.0,20,9,1,4
4589109,2,19,home,Hamburger SV,4,15,118.99,511,431,80,84.0,57.0,51.0,6,13,0,5
4589109,2,19,away,1. FC Nürnberg,1,5,113.15,390,294,96,75.0,43.0,49.0,14,5,2,1
4589120,2,20,home,Jahn Regensburg,0,20,117.44,355,235,120,66.0,55.0,43.0,19,17,2,12
4589120,2,20,away,SpVgg Greuther Fürth,2,11,119.15,302,209,93,69.0,45.0,57.0,17,19,7,4
4589124,2,20,home,Erzgebirge Aue,0,8,111.68,244,165,79,68.0,28.0,45.0,11,10,1,2
4589124,2,20,away,Arminia Bielefeld,0,9,110.53,668,588,80,88.0,72.0,55.0,10,11,4,9
4589117,2,20,home,Hannover 96,2,16,115.81,609,495,114,81.0,70.0,58.0,6,8,0,8
4589117,2,20,away,SV Wehen Wiesbaden,2,12,116.96,264,127,137,48.0,30.0,42.0,8,6,0,8
4589121,2,20,home,FC St. Pauli,1,11,114.13,361,281,80,78.0,39.0,46.0,8,10,1,4
4589121,2,20,away,VfB Stuttgart,1,13,114.67,568,469,99,83.0,61.0,54.0,11,8,1,4
4589125,2,20,home,Karlsruher SC,0,18,117.73,347,251,96,72.0,45.0,43.0,19,8,4,7
4589125,2,20,away,Holstein Kiel,2,19,115.91,438,332,106,76.0,55.0,57.0,8,17,4,6
4589118,2,20,home,1. FC Nürnberg,2,12,108.14,300,210,90,70.0,39.0,45.0,10,9,3,3
4589118,2,20,away,SV Sandhausen,0,15,106.99,470,366,104,78.0,61.0,55.0,10,10,4,9
4589119,2,20,home,1. FC Heidenheim,0,13,120.48,496,408,88,82.0,51.0,56.0,12,11,3,7
4589119,2,20,away,Dynamo Dresden,0,8,120.29,492,397,95,81.0,49.0,44.0,11,12,0,1
4589122,2,20,home,SV Darmstadt 98,2,22,109.9,474,392,82,83.0,62.0,50.0,12,12,0,13
4589122,2,20,away,VfL Osnabrück,2,16,110.01,282,215,67,76.0,38.0,50.0,13,11,1,7
4589123,2,20,home,VfL Bochum,1,17,115.36,377,290,87,77.0,45.0,57.0,12,7,2,4
4589123,2,20,away,Hamburger SV,3,18,119.93,458,381,77,83.0,55.0,43.0,8,12,1,9
4589130,2,21,home,Dynamo Dresden,2,11,114.32,508,400,108,79.0,56.0,46.0,12,9,7,2
4589130,2,21,away,SV Darmstadt 98,3,19,115.57,404,292,112,72.0,44.0,54.0,9,12,2,4
4589132,2,21,home,SV Sandhausen,0,17,114.3,455,351,104,77.0,57.0,53.0,14,14,1,7
4589132,2,21,away,1. FC Heidenheim,1,9,119.65,344,234,110,68.0,43.0,47.0,15,13,0,8
4589126,2,21,home,VfB Stuttgart,3,19,111.91,649,589,60,91.0,67.0,61.0,10,12,5,6
4589126,2,21,away,Erzgebirge Aue,0,10,116.26,329,252,77,77.0,33.0,39.0,12,9,0,3
4589127,2,21,home,Hamburger SV,2,18,117.14,594,522,72,88.0,68.0,49.0,8,14,1,7
4589127,2,21,away,Karlsruher SC,0,6,115.37,274,192,82,70.0,32.0,51.0,15,8,4,3
4589133,2,21,home,VfL Osnabrück,0,5,111.8,419,305,114,73.0,54.0,54.0,13,19,2,2
4589133,2,21,away,1. FC Nürnberg,1,11,111.36,363,262,101,72.0,46.0,46.0,19,11,0,2
4589129,2,21,home,Arminia Bielefeld,6,17,115.78,448,357,91,80.0,62.0,56.0,5,17,1,8
4589129,2,21,away,Jahn Regensburg,0,5,111.63,279,174,105,62.0,38.0,44.0,17,4,3,2
4589131,2,21,home,SpVgg Greuther Fürth,1,17,107.85,367,288,79,78.0,59.0,49.0,13,20,3,13
4589131,2,21,away,Hannover 96,3,8,104.23,274,184,90,67.0,41.0,51.0,21,13,2,3
4589134,2,21,home,SV Wehen Wiesbaden,0,17,111.36,351,209,142,60.0,41.0,45.0,13,12,0,11
4589134,2,21,away,VfL Bochum,1,11,111.82,529,414,115,78.0,59.0,55.0,12,13,3,5
4589128,2,21,home,Holstein Kiel,2,12,120.49,549,459,90,84.0,58.0,45.0,8,7,4,7
4589128,2,21,away,FC St. Pauli,1,9,119.79,395,298,97,75.0,42.0,55.0,8,6,2,8
4589136,2,22,home,1. FC Heidenheim,2,16,119.16,493,391,102,79.0,57.0,50.0,11,13,5,7
4589136,2,22,away,1. FC Nürnberg,2,11,118.69,376,268,108,71.0,43.0,50.0,13,11,3,0
4589138,2,22,home,FC St. Pauli,0,19,118.85,600,508,92,85.0,65.0,50.0,9,10,0,8
4589138,2,22,away,Dynamo Dresden,0,3,120.38,332,230,102,69.0,35.0,50.0,12,9,0,2
4589135,2,22,home,Hannover 96,1,10,118.67,345,266,79,77.0,41.0,47.0,18,12,3,2
4589135,2,22,away,Hamburger SV,1,15,117.59,500,400,100,80.0,59.0,53.0,12,18,2,6
4589137,2,22,home,Jahn Regensburg,1,14,119.68,454,330,124,73.0,56.0,44.0,12,11,3,7
4589137,2,22,away,SV Wehen Wiesbaden,0,9,116.88,351,232,119,66.0,44.0,56.0,12,12,4,6
4589141,2,22,home,SpVgg Greuther Fürth,2,15,115.29,488,405,83,83.0,57.0,44.0,11,10,2,5
4589141,2,22,away,Arminia Bielefeld,4,15,120.53,375,281,94,75.0,43.0,56.0,10,10,3,3
4589139,2,22,home,SV Darmstadt 98,1,11,104.42,377,277,100,73.0,51.0,58.0,11,12,1,3
4589139,2,22,away,SV Sandhausen,0,9,108.19,362,254,108,70.0,49.0,42.0,13,11,4,5
4589142,2,22,home,Erzgebirge Aue,1,16,119.24,388,288,100,74.0,45.0,48.0,17,10,1,6
4589142,2,22,away,Holstein Kiel,2,10,114.68,500,405,95,81.0,55.0,52.0,12,15,2,1
4589143,2,22,home,Karlsruher SC,1,24,104.87,388,295,93,76.0,58.0,45.0,15,10,4,6
4589143,2,22,away,VfL Osnabrück,1,13,101.81,273,161,112,59.0,42.0,55.0,11,13,1,7
4589140,2,22,home,VfL Bochum,0,12,121.23,382,303,79,79.0,38.0,52.0,12,17,6,1
4589140,2,22,away,VfB Stuttgart,1,18,120.46,652,577,75,88.0,62.0,48.0,17,10,0,8
4589151,2,23,home,VfL Osnabrück,0,10,116.45,478,373,105,78.0,60.0,50.0,13,17,3,5
4589151,2,23,away,Erzgebirge Aue,0,6,116.29,311,212,99,68.0,40.0,50.0,17,13,0,2
4589152,2,23,home,SV Wehen Wiesbaden,1,9,117.24,276,179,97,65.0,31.0,45.0,14,11,1,2
4589152,2,23,away,SpVgg Greuther Fürth,1,16,119.18,648,560,88,86.0,69.0,55.0,11,14,2,6
4589144,2,23,home,VfB Stuttgart,2,16,111.54,535,446,89,83.0,62.0,53.0,15,14,3,5
4589144,2,23,away,Jahn Regensburg,0,10,116.36,307,215,92,70.0,38.0,47.0,15,15,3,7
4589146,2,23,home,Hamburger SV,0,20,119.3,537,444,93,83.0,67.0,54.0,4,13,2,10
4589146,2,23,away,FC St. Pauli,2,7,115.69,263,163,100,62.0,33.0,46.0,14,3,4,6
4589147,2,23,home,Holstein Kiel,0,10,110.26,489,368,121,75.0,62.0,54.0,9,14,0,6
4589147,2,23,away,1. FC Heidenheim,1,13,113.36,308,179,129,58.0,38.0,46.0,18,8,1,3
4589149,2,23,home,Dynamo Dresden,1,10,113.36,434,331,103,76.0,50.0,51.0,15,14,1,6
4589149,2,23,away,VfL Bochum,2,10,112.33,445,324,121,73.0,50.0,49.0,17,12,0,1
4589145,2,23,home,1. FC Nürnberg,1,7,112.28,305,237,68,78.0,37.0,47.0,15,11,4,3
4589145,2,23,away,SV Darmstadt 98,2,11,114.39,544,457,87,84.0,63.0,53.0,11,14,2,4
4589150,2,23,home,SV Sandhausen,0,12,112.19,404,288,116,71.0,54.0,50.0,16,9,2,3
4589150,2,23,away,Karlsruher SC,2,8,115.37,353,225,128,64.0,46.0,50.0,9,16,3,8
4589148,2,23,home,Arminia Bielefeld,1,12,112.97,326,168,158,52.0,49.0,48.0,17,10,1,5
4589148,2,23,away,Hannover 96,0,11,111.61,325,174,151,54.0,51.0,52.0,10,16,1,9
4589155,2,24,home,Jahn Regensburg,1,14,119.62,425,315,110,74.0,52.0,52.0,7,13,1,8
4589155,2,24,away,Dynamo Dresden,2,13,115.72,407,293,114,72.0,48.0,48.0,14,5,0,4
4589161,2,24,home,Karlsruher SC,0,14,116.14,421,309,112,73.0,55.0,57.0,9,18,3,7
4589161,2,24,away,1. FC Nürnberg,1,20,114.31,333,230,103,69.0,45.0,43.0,18,9,2,6
4589157,2,24,home,SV Darmstadt 98,2,17,119.21,472,366,106,78.0,54.0,52.0,10,9,1,5
4589157,2,24,away,1. FC Heidenheim,0,22,119.17,371,289,82,78.0,46.0,48.0,9,10,1,9
4589159,2,24,home,SpVgg Greuther Fürth,2,13,115.69,318,222,96,70.0,45.0,47.0,17,13,2,9
4589159,2,24,away,VfB Stuttgart,0,18,110.09,399,302,97,76.0,55.0,53.0,14,14,4,7
4589160,2,24,home,Erzgebirge Aue,3,23,111.94,254,178,76,70.0,35.0,50.0,16,12,3,2
4589160,2,24,away,Hamburger SV,0,9,107.22,490,413,77,84.0,65.0,50.0,14,16,2,8
4589154,2,24,home,Arminia Bielefeld,1,15,117.06,591,487,104,82.0,66.0,51.0,11,14,2,10
4589154,2,24,away,SV Wehen Wiesbaden,0,7,113.34,292,181,111,62.0,34.0,49.0,14,9,2,5
4589156,2,24,home,FC St. Pauli,3,13,114.97,305,212,93,70.0,42.0,45.0,18,9,2,5
4589156,2,24,away,VfL Osnabrück,1,24,117.36,427,332,95,78.0,58.0,55.0,9,16,0,10
4589158,2,24,home,VfL Bochum,4,14,112.56,354,241,113,68.0,46.0,47.0,19,19,1,1
4589158,2,24,away,SV Sandhausen,4,18,111.08,395,271,124,69.0,54.0,53.0,19,17,0,8
4589153,2,24,home,Hannover 96,3,22,125.3,353,248,105,70.0,40.0,38.0,8,2,1,5
4589153,2,24,away,Holstein Kiel,1,21,121.16,537,435,102,81.0,60.0,62.0,3,8,2,6
4589163,2,25,home,1. FC Nürnberg,0,10,116.76,619,497,122,80.0,61.0,56.0,7,9,1,5
4589163,2,25,away,Hannover 96,3,10,120.17,394,300,94,76.0,39.0,44.0,9,6,0,5
4589170,2,25,home,VfL Osnabrück,2,16,114.58,597,508,89,85.0,75.0,54.0,6,19,3,2
4589170,2,25,away,SV Wehen Wiesbaden,6,17,116.97,189,103,86,54.0,25.0,46.0,19,5,3,3
4589164,2,25,home,Hamburger SV,2,12,122.32,550,456,94,83.0,60.0,49.0,14,13,0,4
4589164,2,25,away,Jahn Regensburg,1,17,120.89,355,245,110,69.0,40.0,51.0,13,14,2,8
4589165,2,25,home,1. FC Heidenheim,3,18,120.36,326,218,108,67.0,38.0,58.0,9,12,0,5
4589165,2,25,away,Karlsruher SC,1,15,114.86,529,404,125,76.0,62.0,42.0,13,8,1,6
4589167,2,25,home,SV Darmstadt 98,0,15,115.0,420,302,118,72.0,50.0,50.0,10,13,1,9
4589167,2,25,away,VfL Bochum,0,9,112.72,431,322,109,75.0,50.0,50.0,14,9,4,2
4589166,2,25,home,Holstein Kiel,1,10,115.86,474,387,87,82.0,57.0,46.0,9,10,3,7
4589166,2,25,away,SpVgg Greuther Fürth,1,10,119.28,356,264,92,74.0,43.0,54.0,10,9,7,2
4589168,2,25,home,Dynamo Dresden,2,16,112.7,421,316,105,75.0,50.0,50.0,10,10,3,5
4589168,2,25,away,Erzgebirge Aue,1,11,113.49,429,314,115,73.0,50.0,50.0,10,9,1,3
4589169,2,25,home,SV Sandhausen,2,20,108.87,342,216,126,63.0,48.0,50.0,23,17,6,5
4589169,2,25,away,FC St. Pauli,2,6,110.0,374,233,141,62.0,52.0,50.0,17,22,2,0
4589162,2,25,home,VfB Stuttgart,1,8,116.81,532,447,85,84.0,54.0,50.0,10,11,3,2
4589162,2,25,away,Arminia Bielefeld,1,14,122.91,461,371,90,80.0,46.0,50.0,13,10,0,5
4589173,2,26,home,Jahn Regensburg,2,6,120.24,310,242,68,78.0,44.0,51.0,16,14,3,5
4589173,2,26,away,Holstein Kiel,2,13,112.92,404,331,73,82.0,56.0,49.0,14,16,4,4
4589175,2,26,home,VfL Bochum,3,9,116.8,539,452,87,84.0,57.0,48.0,15,12,1,2
4589175,2,26,away,1. FC Heidenheim,0,9,119.06,380,294,86,77.0,43.0,52.0,12,15,0,6
4589177,2,26,home,Erzgebirge Aue,3,12,112.13,557,489,68,88.0,59.0,47.0,11,10,1,4
4589177,2,26,away,SV Sandhausen,1,13,102.26,389,307,82,79.0,41.0,53.0,10,11,1,2
4589178,2,26,home,Karlsruher SC,2,13,112.1,349,266,83,76.0,43.0,49.0,19,14,4,7
4589178,2,26,away,SV Darmstadt 98,0,8,109.75,481,390,91,81.0,57.0,51.0,14,19,0,2
4589172,2,26,home,Arminia Bielefeld,1,6,119.22,688,613,75,89.0,64.0,47.0,9,6,1,0
4589172,2,26,away,VfL Osnabrück,1,10,119.33,370,283,87,76.0,36.0,53.0,6,9,0,6
4589174,2,26,home,FC St. Pauli,1,14,111.47,454,356,98,78.0,51.0,48.0,14,7,2,7
4589174,2,26,away,1. FC Nürnberg,0,14,108.64,434,335,99,77.0,49.0,52.0,8,13,1,4
4589176,2,26,home,SpVgg Greuther Fürth,2,14,114.49,452,387,65,86.0,50.0,52.0,14,14,2,6
4589176,2,26,away,Hamburger SV,2,11,116.13,463,381,82,82.0,50.0,48.0,14,14,2,4
4589179,2,26,home,SV Wehen Wiesbaden,2,13,112.23,255,171,84,67.0,32.0,50.0,15,13,4,2
4589179,2,26,away,VfB Stuttgart,1,23,108.57,547,471,76,86.0,68.0,50.0,15,14,3,6
4589171,2,26,home,Hannover 96,3,11,110.9,451,363,88,80.0,46.0,45.0,6,6,3,5
4589171,2,26,away,Dynamo Dresden,0,6,105.68,529,414,115,78.0,54.0,55.0,7,6,0,2
4589180,2,27,home,1. FC Nürnberg,1,13,109.73,556,460,96,83.0,65.0,54.0,12,11,2,10
4589180,2,27,away,Erzgebirge Aue,1,7,113.56,295,203,92,69.0,35.0,46.0,11,12,0,3
4589182,2,27,home,1. FC Heidenheim,1,17,116.27,567,473,94,83.0,62.0,57.0,11,13,1,7
4589182,2,27,away,SV Wehen Wiesbaden,0,6,113.3,343,258,85,75.0,38.0,43.0,13,10,3,6
4589184,2,27,home,SV Darmstadt 98,4,20,116.12,343,255,88,74.0,39.0,55.0,8,16,1,5
4589184,2,27,away,FC St. Pauli,0,13,115.47,529,462,67,87.0,61.0,45.0,16,7,2,8
4589186,2,27,home,SV Sandhausen,0,15,107.0,320,196,124,61.0,50.0,53.0,20,15,1,7
4589186,2,27,away,Jahn Regensburg,0,6,110.07,329,207,122,63.0,50.0,47.0,15,19,1,7
4589187,2,27,home,VfL Osnabrück,2,8,111.67,414,315,99,76.0,50.0,54.0,16,18,2,3
4589187,2,27,away,Hannover 96,4,13,109.4,410,304,106,74.0,50.0,46.0,18,16,0,3
4589181,2,27,home,Hamburger SV,0,13,121.3,699,645,54,92.0,61.0,52.0,7,5,2,5
4589181,2,27,away,Arminia Bielefeld,0,8,122.35,442,370,72,84.0,39.0,48.0,6,5,2,5
4589183,2,27,home,Holstein Kiel,3,15,118.44,379,294,85,78.0,40.0,51.0,10,11,3,4
4589183,2,27,away,VfB Stuttgart,2,17,113.41,588,506,82,86.0,60.0,49.0,13,10,1,5
4589188,2,27,home,Karlsruher SC,0,10,110.0,302,185,117,61.0,37.0,54.0,13,12,1,4
4589188,2,27,away,VfL Bochum,0,18,107.74,520,421,99,81.0,63.0,46.0,13,12,3,7
4589185,2,27,home,Dynamo Dresden,1,7,113.33,405,293,112,72.0,46.0,54.0,16,12,0,2
4589185,2,27,away,SpVgg Greuther Fürth,1,10,116.72,472,366,106,78.0,54.0,46.0,12,16,3,5
4589192,2,28,home,Jahn Regensburg,2,11,120.25,338,219,119,65.0,44.0,53.0,19,11,1,6
4589192,2,28,away,1. FC Nürnberg,2,16,117.7,419,295,124,70.0,56.0,47.0,12,18,1,1
4589195,2,28,home,SpVgg Greuther Fürth,0,22,113.78,510,426,84,84.0,65.0,52.0,16,15,3,9
4589195,2,28,away,VfL Osnabrück,2,9,112.46,274,186,88,68.0,35.0,48.0,15,16,2,3
4589196,2,28,home,Erzgebirge Aue,1,8,112.02,288,212,76,74.0,38.0,42.0,15,11,2,3
4589196,2,28,away,SV Darmstadt 98,3,16,110.98,489,395,94,81.0,62.0,58.0,11,14,4,10
4589197,2,28,home,SV Wehen Wiesbaden,0,10,112.29,391,247,144,63.0,54.0,37.0,21,14,1,8
4589197,2,28,away,SV Sandhausen,1,18,112.91,339,213,126,63.0,46.0,63.0,14,20,4,3
4589190,2,28,home,Hannover 96,1,19,110.97,428,323,105,75.0,53.0,49.0,12,14,2,5
4589190,2,28,away,Karlsruher SC,1,12,111.3,387,287,100,74.0,47.0,51.0,18,11,2,2
4589193,2,28,home,FC St. Pauli,0,12,112.09,361,268,93,74.0,47.0,50.0,17,16,1,1
4589193,2,28,away,1. FC Heidenheim,0,10,114.69,404,309,95,76.0,53.0,50.0,16,17,4,3
4589194,2,28,home,VfL Bochum,2,11,119.25,481,389,92,81.0,52.0,51.0,10,5,2,4
4589194,2,28,away,Holstein Kiel,1,14,116.29,436,356,80,82.0,48.0,49.0,5,10,5,11
4589189,2,28,home,VfB Stuttgart,3,13,118.65,495,433,62,87.0,50.0,49.0,15,13,1,5
4589189,2,28,away,Hamburger SV,2,8,123.19,490,400,90,82.0,50.0,51.0,14,14,1,4
4589191,2,28,home,Arminia Bielefeld,4,13,116.96,550,485,65,88.0,57.0,52.0,12,15,0,7
4589191,2,28,away,Dynamo Dresden,0,7,108.65,406,330,76,81.0,43.0,48.0,15,12,2,5
4589202,2,29,home,SV Darmstadt 98,1,15,118.17,341,241,100,71.0,42.0,54.0,14,13,2,7
4589202,2,29,away,SpVgg Greuther Fürth,1,14,118.47,479,394,85,82.0,58.0,46.0,14,13,3,7
4589205,2,29,home,VfL Osnabrück,2,13,114.25,446,354,92,79.0,62.0,46.0,21,19,0,3
4589205,2,29,away,Jahn Regensburg,2,8,116.39,246,159,87,65.0,38.0,54.0,20,19,1,8
4589198,2,29,home,1. FC Nürnberg,0,12,115.7,446,333,113,75.0,50.0,48.0,14,11,3,7
4589198,2,29,away,VfL Bochum,0,9,114.85,458,337,121,74.0,50.0,52.0,11,14,2,5
4589201,2,29,home,Holstein Kiel,1,11,118.51,414,340,74,82.0,44.0,51.0,17,10,1,5
4589201,2,29,away,Arminia Bielefeld,2,20,125.38,515,453,62,88.0,56.0,49.0,10,16,1,8
4589204,2,29,home,SV Sandhausen,3,14,105.1,253,150,103,59.0,39.0,54.0,15,9,4,10
4589204,2,29,away,Hannover 96,1,15,103.67,418,320,98,77.0,61.0,46.0,9,12,0,5
4589206,2,29,home,Karlsruher SC,1,9,110.79,575,476,99,83.0,64.0,50.0,15,12,3,4
4589206,2,29,away,FC St. Pauli,1,7,110.04,324,206,118,64.0,36.0,50.0,13,13,2,2
4589199,2,29,home,Hamburger SV,3,12,117.05,660,574,86,87.0,70.0,47.0,11,15,2,6
4589199,2,29,away,SV Wehen Wiesbaden,2,14,116.19,273,178,95,65.0,30.0,53.0,17,11,1,10
4589200,2,29,home,1. FC Heidenheim,3,18,119.59,587,517,70,88.0,59.0,56.0,11,11,1,4
4589200,2,29,away,Erzgebirge Aue,0,14,118.11,416,339,77,81.0,41.0,44.0,12,10,0,4
4589203,2,29,home,Dynamo Dresden,0,11,109.82,401,309,92,77.0,40.0,61.0,11,15,1,3
4589203,2,29,away,VfB Stuttgart,2,14,114.23,637,554,83,87.0,60.0,39.0,16,11,1,1
4589212,2,30,home,VfL Bochum,2,16,119.34,476,377,99,79.0,57.0,58.0,14,12,3,6
4589212,2,30,away,FC St. Pauli,0,6,116.31,359,258,101,72.0,43.0,42.0,12,12,1,6
4589213,2,30,home,SpVgg Greuther Fürth,1,14,118.01,538,427,111,79.0,63.0,52.0,12,20,3,4
4589213,2,30,away,SV Sandhausen,2,9,114.23,302,187,115,62.0,37.0,48.0,21,11,2,3
4589210,2,30,home,Arminia Bielefeld,1,14,118.16,554,470,84,85.0,57.0,46.0,16,10,2,5
4589210,2,30,away,1. FC Nürnberg,1,13,118.89,411,320,91,78.0,43.0,54.0,10,15,4,5
4589211,2,30,home,Jahn Regensburg,3,7,107.94,228,142,86,62.0,30.0,49.0,16,15,2,3
4589211,2,30,away,SV Darmstadt 98,0,21,107.37,541,457,84,84.0,70.0,51.0,16,16,0,6
4589215,2,30,home,SV Wehen Wiesbaden,2,18,116.6,421,312,109,74.0,53.0,52.0,13,16,3,9
4589215,2,30,away,Dynamo Dresden,3,10,112.73,387,289,98,75.0,47.0,48.0,16,12,0,1
4589207,2,30,home,VfB Stuttgart,0,15,117.69,658,571,87,87.0,69.0,48.0,16,10,2,6
4589207,2,30,away,VfL Osnabrück,0,7,120.27,296,198,98,67.0,31.0,52.0,10,16,3,2
4589208,2,30,home,Hannover 96,2,14,116.12,427,316,111,74.0,47.0,38.0,16,12,2,5
4589208,2,30,away,1. FC Heidenheim,1,11,116.89,485,371,114,76.0,53.0,62.0,12,15,4,5
4589214,2,30,home,Erzgebirge Aue,1,9,113.18,346,221,125,64.0,39.0,41.0,10,8,3,4
4589214,2,30,away,Karlsruher SC,0,11,113.75,542,412,130,76.0,61.0,59.0,9,9,5,2
4589209,2,30,home,Hamburger SV,3,6,123.18,460,386,74,84.0,48.0,42.0,14,6,1,4
4589209,2,30,away,Holstein Kiel,3,17,119.25,486,407,79,84.0,52.0,58.0,6,13,4,6
4589221,2,31,home,Dynamo Dresden,0,8,111.48,291,211,80,73.0,34.0,58.0,9,11,0,4
4589221,2,31,away,Hamburger SV,1,20,117.84,549,476,73,87.0,66.0,42.0,12,9,0,8
4589222,2,31,home,SV Sandhausen,0,21,104.28,286,196,90,69.0,47.0,53.0,16,8,4,9
4589222,2,31,away,Arminia Bielefeld,0,9,110.42,347,248,99,71.0,53.0,47.0,9,16,1,0
4589216,2,31,home,1. FC Nürnberg,0,17,106.5,315,211,104,67.0,50.0,48.0,21,15,0,12
4589216,2,31,away,SpVgg Greuther Fürth,1,12,106.1,335,250,85,75.0,50.0,52.0,15,20,4,2
4589217,2,31,home,1. FC Heidenheim,4,12,112.93,362,269,93,74.0,50.0,46.0,12,10,3,4
4589217,2,31,away,Jahn Regensburg,1,14,109.5,356,263,93,74.0,50.0,54.0,10,12,0,4
4589218,2,31,home,Holstein Kiel,1,13,116.11,558,469,89,84.0,64.0,49.0,12,14,3,9
4589218,2,31,away,SV Wehen Wiesbaden,2,12,118.38,322,252,70,78.0,36.0,51.0,14,12,4,1
4589223,2,31,home,VfL Osnabrück,0,11,109.0,344,274,70,80.0,43.0,47.0,8,16,1,6
4589223,2,31,away,VfL Bochum,2,15,109.83,471,394,77,84.0,57.0,53.0,18,8,3,7
4589219,2,31,home,FC St. Pauli,2,9,112.0,403,291,112,72.0,51.0,59.0,20,17,4,4
4589219,2,31,away,Erzgebirge Aue,1,17,113.74,389,274,115,70.0,49.0,41.0,17,16,1,4
4589220,2,31,home,SV Darmstadt 98,3,11,113.56,423,328,95,78.0,44.0,50.0,8,8,2,7
4589220,2,31,away,Hannover 96,2,16,111.13,536,446,90,83.0,56.0,50.0,8,8,6,4
4589224,2,31,home,Karlsruher SC,2,13,114.09,272,162,110,60.0,37.0,54.0,14,16,2,8
4589224,2,31,away,VfB Stuttgart,1,14,110.94,456,357,99,78.0,63.0,46.0,18,14,0,7
4589227,2,32,home,Hamburger SV,1,7,120.51,681,593,88,87.0,74.0,49.0,15,12,1,5
4589227,2,32,away,VfL Osnabrück,1,8,120.3,244,157,87,64.0,26.0,51.0,12,15,2,1
4589231,2,32,home,SpVgg Greuther Fürth,0,10,117.45,509,433,76,85.0,58.0,57.0,16,23,2,4
4589231,2,32,away,1. FC Heidenheim,0,11,118.1,361,265,96,73.0,42.0,43.0,24,15,0,2
4589233,2,32,home,SV Wehen Wiesbaden,0,10,108.44,372,273,99,73.0,45.0,54.0,10,12,3,4
4589233,2,32,away,1. FC Nürnberg,6,21,111.19,479,382,97,80.0,55.0,46.0,12,10,1,7
4589226,2,32,home,Hannover 96,4,12,114.41,534,432,102,81.0,56.0,54.0,13,6,1,4
4589226,2,32,away,FC St. Pauli,0,5,114.2,420,318,102,76.0,44.0,46.0,6,12,2,2
4589230,2,32,home,Jahn Regensburg,2,9,116.05,253,152,101,60.0,36.0,46.0,20,14,3,5
4589230,2,32,away,Karlsruher SC,1,14,115.73,442,335,107,76.0,64.0,54.0,15,18,2,7
4589232,2,32,home,Erzgebirge Aue,1,16,107.85,381,293,88,77.0,47.0,45.0,21,13,1,5
4589232,2,32,away,VfL Bochum,2,9,109.56,442,348,94,79.0,53.0,55.0,15,21,0,4
4589225,2,32,home,VfB Stuttgart,5,18,112.87,507,414,93,82.0,62.0,51.0,14,15,0,9
4589225,2,32,away,SV Sandhausen,1,14,108.77,308,200,108,65.0,38.0,49.0,15,13,0,4
4589228,2,32,home,Holstein Kiel,2,21,110.77,582,517,65,89.0,67.0,51.0,11,15,2,6
4589228,2,32,away,Dynamo Dresden,0,8,104.21,286,212,74,74.0,33.0,49.0,15,10,2,2
4589229,2,32,home,Arminia Bielefeld,1,14,125.21,587,522,65,89.0,58.0,52.0,7,10,2,10
4589229,2,32,away,SV Darmstadt 98,0,15,119.45,421,343,78,81.0,42.0,48.0,10,7,5,7
4589234,2,33,home,1. FC Nürnberg,0,8,112.16,395,303,92,77.0,41.0,47.0,15,15,3,1
4589234,2,33,away,VfB Stuttgart,6,17,115.94,566,476,90,84.0,59.0,53.0,15,14,2,7
4589235,2,33,home,1. FC Heidenheim,2,15,118.56,345,262,83,76.0,43.0,47.0,17,8,2,3
4589235,2,33,away,Hamburger SV,1,13,118.42,452,357,95,79.0,57.0,53.0,8,16,2,8
4589236,2,33,home,FC St. Pauli,1,13,108.34,437,311,126,71.0,54.0,53.0,12,12,1,4
4589236,2,33,away,Jahn Regensburg,1,6,112.78,365,239,126,65.0,46.0,47.0,12,11,2,5
4589237,2,33,home,SV Darmstadt 98,3,17,110.51,595,502,93,84.0,69.0,55.0,9,16,0,6
4589237,2,33,away,SV Wehen Wiesbaden,1,10,112.37,259,179,80,69.0,31.0,45.0,16,9,3,5
4589238,2,33,home,VfL Bochum,2,9,113.68,393,292,101,74.0,49.0,52.0,13,17,2,3
4589238,2,33,away,SpVgg Greuther Fürth,2,12,113.35,416,330,86,79.0,51.0,48.0,18,13,2,5
4589239,2,33,home,Erzgebirge Aue,2,8,110.48,281,172,109,61.0,31.0,48.0,5,13,0,0
4589239,2,33,away,Hannover 96,1,16,109.7,621,518,103,83.0,69.0,52.0,13,5,1,7
4589240,2,33,home,SV Sandhausen,0,11,104.97,300,184,116,61.0,45.0,37.0,21,15,0,5
4589240,2,33,away,Dynamo Dresden,1,16,102.98,366,247,119,67.0,55.0,63.0,16,19,0,6
4589241,2,33,home,VfL Osnabrück,4,21,110.81,597,539,58,90.0,59.0,47.0,8,3,1,4
4589241,2,33,away,Holstein Kiel,1,8,98.88,405,338,67,83.0,41.0,53.0,3,7,1,3
4589242,2,33,home,Karlsruher SC,3,12,115.83,345,256,89,74.0,39.0,48.0,17,10,3,5
4589242,2,33,away,Arminia Bielefeld,3,9,117.86,582,497,85,85.0,61.0,52.0,12,15,1,4
4588955,1,34,home,Borussia Dortmund,0,7,107.54,684,609,75,89.0,59.0,48.0,7,5,0,2
4588955,1,34,away,TSG Hoffenheim,4,16,114.68,457,391,66,86.0,41.0,52.0,5,7,0,5
4588956,1,34,home,Bayer 04 Leverkusen,1,13,113.74,650,579,71,89.0,67.0,49.0,10,10,3,11
4588956,1,34,away,1. FSV Mainz 05,0,6,110.1,314,231,83,74.0,33.0,51.0,10,10,3,4
4588957,1,34,home,Bor. Mönchengladbach,2,23,112.75,557,479,78,86.0,56.0,58.0,7,15,0,3
4588957,1,34,away,Hertha BSC,1,5,116.62,432,351,81,81.0,44.0,42.0,15,7,2,3
4588958,1,34,home,VfL Wolfsburg,0,12,105.38,317,248,69,78.0,39.0,42.0,13,8,1,3
4588958,1,34,away,Bayern München,4,16,107.32,502,431,71,86.0,61.0,58.0,9,12,1,6
4588959,1,34,home,Eintracht Frankfurt,3,13,112.42,554,472,82,85.0,61.0,49.0,13,3,3,6
4588959,1,34,away,SC Paderborn 07,2,17,111.72,353,264,89,75.0,39.0,51.0,3,13,2,2
4588960,1,34,home,Werder Bremen,6,18,111.92,476,398,78,84.0,53.0,50.0,22,16,1,7
4588960,1,34,away,1. FC Köln,1,6,108.46,415,326,89,79.0,47.0,50.0,16,22,1,5
4588961,1,34,home,SC Freiburg,4,15,115.31,489,425,64,87.0,56.0,52.0,14,4,3,1
4588961,1,34,away,FC Schalke 04,0,22,114.38,367,314,53,86.0,44.0,48.0,5,12,1,5
4588962,1,34,home,FC Augsburg,1,5,108.84,305,223,82,73.0,35.0,45.0,12,10,1,2
4588962,1,34,away,RB Leipzig,2,14,109.82,586,489,97,83.0,65.0,55.0,10,11,3,8
4588963,1,34,home,1. FC Union Berlin,3,11,116.65,358,248,110,69.0,42.0,37.0,15,5,2,6
4588963,1,34,away,Fortuna Düsseldorf,0,27,115.64,456,362,94,79.0,58.0,63.0,6,15,1,10
4589243,2,34,home,VfB Stuttgart,1,12,103.31,528,462,66,88.0,61.0,44.0,13,11,4,8
4589243,2,34,away,SV Darmstadt 98,3,5,99.13,343,274,69,80.0,39.0,56.0,12,13,2,1
4589244,2,34,home,Hannover 96,2,11,106.97,326,224,102,69.0,40.0,44.0,13,12,2,2
4589244,2,34,away,VfL Bochum,0,20,104.42,480,374,106,78.0,60.0,56.0,12,12,2,6
4589245,2,34,home,Hamburger SV,1,9,114.46,572,468,104,82.0,71.0,53.0,8,17,0,6
4589245,2,34,away,SV Sandhausen,5,12,110.68,230,131,99,57.0,29.0,47.0,17,8,2,3
4589246,2,34,home,Holstein Kiel,1,14,114.88,487,402,85,83.0,56.0,50.0,15,17,3,7
4589246,2,34,away,1. FC Nürnberg,1,17,116.75,360,273,87,76.0,44.0,50.0,17,13,1,5
4589247,2,34,home,Arminia Bielefeld,3,13,122.45,709,637,72,90.0,61.0,61.0,4,9,1,4
4589247,2,34,away,1. FC Heidenheim,0,7,122.72,438,378,60,86.0,39.0,39.0,9,4,2,4
4589248,2,34,home,Jahn Regensburg,1,20,109.61,290,204,86,70.0,45.0,53.0,16,15,2,3
4589248,2,34,away,Erzgebirge Aue,2,16,108.05,363,278,85,77.0,55.0,47.0,15,16,3,4
4589249,2,34,home,Dynamo Dresden,2,21,106.85,414,338,76,82.0,50.0,39.0,17,6,1,9
4589249,2,34,away,VfL Osnabrück,2,15,110.96,433,344,89,79.0,50.0,61.0,9,17,0,4
4589250,2,34,home,SpVgg Greuther Fürth,1,9,111.03,512,430,82,84.0,65.0,45.0,17,12,4,6
4589250,2,34,away,Karlsruher SC,2,14,113.29,276,190,86,69.0,35.0,55.0,13,16,2,3
4589251,2,34,home,SV Wehen Wiesbaden,5,22,117.83,606,519,87,86.0,63.0,43.0,11,9,1,5
4589251,2,34,away,FC St. Pauli,3,12,119.17,357,263,94,74.0,37.0,57.0,9,11,0,4
